5465,馬祖藍灣景觀餐廳民宿,-#,連江縣,連江縣莒光鄉福正村58號,985814838
5464,鹿港澄悅酒店,04-7785727#,彰化縣,彰化縣鹿港鎮中正路598號,
5463,海景民宿,083-688125#,連江縣,連江縣莒光鄉田沃村68-3號,928094101
5231,康橋商旅-覺民館,07-3903377#,高雄市,高雄市三民區覺民路291號,955229958
5230,康橋商旅-高雄-三多衛武營館,07-7248800#,高雄市,高雄市苓雅區三多一路94號,
5229,康橋商旅-花蓮站前館,03-8359333#,花蓮縣,花蓮縣花蓮市國聯五路101號,929299992
5228,康橋商旅-三多商圈館,07-5379800#,高雄市,高雄市苓雅區林森二路10號,963756739
5227,康橋商旅-高雄站前館,07-2386677#,高雄市,高雄市三民區建國二路295號,963826837
5226,康正偶然行旅,05-2228111#,嘉義市,嘉義市東區蘭井街167號,905051666
5225,康橋商旅-台東館,089-229226#,臺東縣,臺東縣台東市中興路一段209巷16號,
5505,卡斯比亞民宿,03-9500852#,宜蘭縣,宜蘭縣五結鄉親河路2段291巷51弄29號,972228053
5504,蓮園民宿壹館,0836-23386#,連江縣,連江縣南竿鄉福沃村63號,963338635
5503,蓮園民宿,0836-22515#,連江縣,連江縣南竿鄉馬祖村79號,963338635
5502,美好民宿二館,0836-23209#,連江縣,連江縣南竿鄉津沙村88號,983187352
5501,美好民宿,0836-23209#,連江縣,連江縣南竿鄉津沙村139號,983187352
5500,藍映海岸景觀民宿,0836-55051#,連江縣,連江縣北竿鄉橋仔村 73號,919279324
5499,田園山莊民宿,0836-55423#,連江縣,連江縣北竿鄉坂里村36號,919280575
5491,億客來民宿,-#,連江縣,連江縣北竿鄉塘岐村 267之2號,928094366
5490,芹壁青年民宿,0836-55522#,連江縣,連江縣北竿鄉芹壁村 22-1號,911300442
5489,風燈民宿,-#,連江縣,連江縣南竿鄉介壽村180號,919919975
5486,凱翔旅宿,0836-22652#,連江縣,連江縣南竿鄉福沃村108-3號,937505780
5485,香賓民宿餐飲店,-#,連江縣,連江縣南竿鄉清水村110號,988619985
5484,隴之悅驛宿館,0836-23488#,連江縣,連江縣南竿鄉介壽村215號,919919785
5483,介壽澳口民宿,0836-23488#,連江縣,連江縣南竿鄉介壽村336-2號7樓,919919785
5482,美芹居,0836-55265#,連江縣,連江縣北竿鄉芹壁村28-2號,921952538
5481,津沙文化村民宿,0836-26190#,連江縣,連江縣南竿鄉津沙村70號,928812879
5480,大新民宿,0836-55455#,連江縣,連江縣北竿鄉塘岐村232號,932062832
5479,海島屋,0836-56365#,連江縣,連江縣北竿鄉塘岐村275之1號,921932719
5478,聖托里尼民宿,-#,連江縣,連江縣南竿鄉清水村103號,912278717
5477,幸福藍眼淚會館,-#,連江縣,連江縣南竿鄉清水村117號,953635588
5476,東方明珠網路民宿,0836-26187#,連江縣,連江縣南竿鄉介壽村88號,937868069
5475,亞窩行館,-#,連江縣,連江縣南竿鄉四維村32-1號5樓,965602599
5474,草芹蓁民宿,-#,連江縣,連江縣北竿鄉芹壁村56-1號,928857736
5473,Kadda Hotel璽賓行旅,03-8316631#,花蓮縣,花蓮縣花蓮市民權路2-6號,
3672,樹屋文旅,06-2989566#,臺南市,臺南市安平區永華五街20號,
3671,聖旺商旅,06-2130789#,臺南市,臺南市中西區西門路一段576號,
3670,聖禾大飯店,06-2200988#,臺南市,臺南市中西區西門路二段23號,
3669,回家旅行,-#,臺南市,臺南市安南區尊安街87號,914039585
3668,星象商旅有限公司,06-2210988#,臺南市,臺南市中西區海安路一段151號,
3667,Local樂客背包旅棧,-#,臺南市,臺南市中西區海安路二段259巷33號,911825616
4800,春約民宿,082-331771#,金門縣,金門縣金湖鎮塔後158之5號,
4798,水頭85號民宿(北緯24),082-372557#,金門縣,金門縣金城鎮水頭85號,
4796,水頭33號民宿(石路書齋),-#,金門縣,金門縣金城鎮前水頭33號,919180139
4795,水頭53號(戀鄉情),082-328131#,金門縣,金門縣金城鎮水頭53號,
4794,水頭37號(金玉閣),082-328131#,金門縣,金門縣金城鎮前水頭37號,
4793,上禾園民宿,082-332666#,金門縣,金門縣金湖鎮林兜77號,
4792,成功民宿,082-333996#,金門縣,金門縣金湖鎮成功村123-2號,
5458,馬蓋先二館,0836-76277#,連江縣,連江縣東引鄉樂華村139-1號,919279523
5457,馬蓋先民宿,0836-76277#,連江縣,連江縣東引鄉樂華村139號,919279525
5456,黃金沙灘民宿,0836-88246#,連江縣,連江縣莒光鄉大坪村 62 號,919919151
5453,寶玉民宿,0836-76627#,連江縣,連江縣東引鄉中柳村125號,919550377
5452,東引勇哥民宿,0836-76114#,連江縣,連江縣東引鄉樂華村155號,919636950
5451,邊辰民宿一館,0836-76053#,連江縣,連江縣東引鄉樂華村39號,965588511
5449,東磯民宿,0836-76225#,連江縣,連江縣東引鄉樂華村163-1號,
5448,發哥民宿,0836-77528#,連江縣,連江縣東引鄉樂華村75號,919289516
5447,國境之北二館,-#,連江縣,連江縣東引鄉樂華村106號,919280971
5446,阿金民宿二館,0836-77155#,連江縣,連江縣東引鄉樂華村120-1號,963309155
5445,盈賓民宿,0836-77367#,連江縣,連江縣東引鄉樂華村78號,921933408
5444,東湧行旅旅店,0836-77168#,連江縣,連江縣東引鄉樂華村２９號,919919579
5443,小島上二館,-#,連江縣,連江縣東引鄉樂華村37號,932964207
5442,小島上,-#,連江縣,連江縣東引鄉樂華村74號,932964207
5441,海悅樓民宿,0836-76181#,連江縣,連江縣東引鄉樂華村52號3樓,937181560
5439,遊戲民宿,0836-76553#,連江縣,連江縣東引鄉樂華村163號,988715486
5438,茶田關舍民宿-本館,089-815098#,臺東縣,臺東縣關山鎮平等路99號,918216171
5437,台北諾富特華航桃園機場飯店,03-3980888#3605,桃園市,桃園市大園區航站南路1-1號,
5436,民生民宿二館,0836-76039#,連江縣,連江縣東引鄉樂華村136號,937505786
5435,民生民宿,0836-76028#,連江縣,連江縣東引鄉樂華村92號,937505786
5434,昕華飯店,0836-77600#,連江縣,連江縣東引鄉樂華村47號,919395037
5433,香格里拉休閒民宿2館,0836-76191#,連江縣,連江縣東引鄉樂華村113號,
5432,東引小棧民宿,0932-262281#,連江縣,連江縣東引鄉樂華村148村,932262281
5430,昕華二館,0836-77370#,連江縣,連江縣東引鄉中柳村32號,912575606
5429,邊辰海景民宿,0836-76053#,連江縣,連江縣東引鄉樂華村40號,965588511
5428,全壘打民宿,0836-77054#,連江縣,連江縣東引鄉中柳村107號,933969251
5427,UNCLE民宿,0836-77051#,連江縣,連江縣東引鄉樂華村132號,933928280
5426,東聲民宿,0836-77306#,連江縣,連江縣東引鄉中柳村106號,912547181
5425,北奧秘山居,0836-77380#,連江縣,連江縣東引鄉中柳村126號,919991839
5423,安逸海景旅店,-#,連江縣,連江縣東引鄉樂華村22-1號,928242767
5422,有片沙灘,-#,連江縣,連江縣莒光鄉福正村14-2號,901421222
5421,友愛閤睏漫旅,06-2142989#,臺南市,臺南市中西區永福路一段115號,
5420,紅樓精品旅館,04-7841201#,彰化縣,彰化縣福興鄉橋和街62號,
5419,自由宿鹽埕館,0906-253999#,高雄市,高雄市鹽埕區光榮街37巷1號,906253999
5418,文化信然商旅,06-3350888#,臺南市,臺南市東區台南市崇明路239號,
5417,泊思·小驢舍,07-5519199#,高雄市,高雄市鹽埕區必忠街47號,
5416,鋒之谷民宿,0836-88158#,連江縣,連江縣莒光鄉大坪村107號,912801675
5415,福正民宿,0836-88213#,連江縣,連江縣莒光鄉福正村10號,912575702
5414,歐鄉莊園商旅,04-8393322#,彰化縣,彰化縣員林市復興二街166號,
5413,田芝林民宿,03-3822221#,桃園市,桃園市復興區羅浮里2鄰合流37之2號,972768703
5412,黃金沙灘民宿一館,0836-88246#,連江縣,連江縣莒光鄉大坪村89-1號,919919151
5411,船老大民宿,0836-88022#,連江縣,連江縣莒光鄉大坪村72號,933814986
5410,容叔芽窩,-#,連江縣,連江縣莒光鄉福正村25號,912448120
5409,星海客棧,-#,連江縣,連江縣莒光鄉福正村31-2號,912846569
5408,百合客棧,0836-88018#,連江縣,連江縣莒光鄉大坪村31號,928061775
5407,大浦民宿,0836-88039#,連江縣,連江縣莒光鄉大坪村100-1號,933930354
5406,友誼山莊民宿,0836-88295#,連江縣,連江縣莒光鄉田沃村67號,
5405,三坑老爹背包客棧,03-4115350#,桃園市,桃園市龍潭區永昌路51巷18弄18號,919262249
5404,雲棧民宿,-#,桃園市,桃園市復興區巴陵道路135-6號,910154904
5403,秘境瀑布民宿,03-3821889#,桃園市,桃園市復興區霞雲里庫志10號,952918200
5402,馬祖藍灣景觀餐廳民宿南館2館,0836-22420#,連江縣,連江縣南竿鄉珠螺村4鄰52號,985814838
5401,馬祖藍灣景觀餐廳民宿南館,0836-22420#,連江縣,連江縣南竿鄉珠螺村4鄰52-1號,985814838
5400,如沐初光,-#,桃園市,桃園市復興區羅浮里6鄰高坡3-6號,937058195
5399,北橫貫下巴陵溫泉山莊,03-3912323#,桃園市,桃園市復興區華陵里7鄰巴陵21之1號,
5398,福緣山莊,03-3912090#,桃園市,桃園市復興區華陵里11鄰180-7號,
5397,金台灣山莊,049-2754064#,南投縣,南投縣鹿谷鄉興產路25-3號,
5396,泊寓,-#,彰化縣,彰化縣鹿港鎮鹿興路57巷3號,973138299
5395,藝宿家客棧,07-2857999#,高雄市,高雄市新興區自立一路66-6號5樓,910193950
5394,新崛江商旅,07-3386238#,高雄市,高雄市苓雅區林森二路73號,906386238
5393,靉嗨三多行旅,07-3301117#,高雄市,高雄市苓雅區林森二路84號,977235191
5392,智慧環境會館,02-28625116#1191,臺北市,臺北市士林區菁山路101巷71弄16號,936953046
5391,御盟國際驛館,07-9753568#,高雄市,高雄市三民區九如一路819號,
5390,悠哉悠古厝民宿,08-2311828#,金門縣,金門縣金寧鄉南山39號,922866470
5389,台南安平雅樂軒酒店,06-3905000#,臺南市,臺南市安平區光州路108號,
5388,晶英國際行館,07-9730189#,高雄市,高雄市前鎮區振興里中山二路199號,
5387,茗園茶葉民宿,05-2501796#,嘉義縣,嘉義縣梅山鄉瑞里村幼葉林5鄰89號,921200796
5386,國廣興大飯店國聯分店,03-8338882#,花蓮縣,花蓮縣花蓮市國聯五路223號,
4061,問樵山居,-#,苗栗縣,苗栗縣南庄鄉田美村1鄰田美20號,972725673
4060,哈密瓜Motel-竹北館,03-5519678#,新竹縣,新竹縣竹北市302新竹縣竹北市中華路1432號,
4059,香品源休閒農莊,03-5802216#,新竹縣,新竹縣北埔鄉南坑村7鄰25-2號,
4058,北昇休閒山莊民宿,03-5804607#,新竹縣,新竹縣北埔鄉水磜村8鄰10-3號,
4057,托斯卡尼田間民宿(力量菜園),03-5868628#,新竹縣,新竹縣關西鎮上林里坪林56-10號1樓,
4056,鍾媽媽民宿,03-5849127#,新竹縣,新竹縣橫山鄉內灣村3鄰81號,
4055,佐岸民宿,03-5849320#,新竹縣,新竹縣橫山鄉內灣村中山街二段51之7號,
4054,早苗莊園民宿,-#,新竹縣,新竹縣新埔鎮照門里7鄰5-3號,921173768
5527,觀心農舍,-#,苗栗縣,苗栗縣三義鄉双湖村17鄰双湖99之1號,932312563
5526,碩玥民宿,037-235367#,苗栗縣,苗栗縣公館鄉仁安村9鄰122之10號,
5525,捷絲旅 台南虎山館,06-2660568#,臺南市,臺南市仁德區文華路二段300號,
5524,秘境民宿,08-8333345#,屏東縣,屏東縣東港鎮水源路223號,982514130
5523,遇見民宿,08-8333345#,屏東縣,屏東縣東港鎮水源路221號,982514130
5532,山中悠遊民宿,049-2676476#,南投縣,南投縣鹿谷鄉竹林村愛鄉路127-7號,919676476
5531,北河莊園,037-228228#,苗栗縣,苗栗縣公館鄉北河村13鄰北河138之2號,
5530,遇見台灣百合,-#,苗栗縣,苗栗縣三灣鄉銅鏡村7鄰大銅鑼圈69之11號,911481600
5528,金井灶之居民宿,-#,苗栗縣,苗栗縣公館鄉館東村9鄰館東133之1號,982191717
5520,南喃夕語。暮日,08-8869007#,屏東縣,屏東縣恆春鎮紅柴路13-15號,
5519,今回行旅,06-2232788#,臺南市,臺南市中西區衛民街124巷23號,
5518,暖時嚼旅,06-2222177#,臺南市,臺南市中西區西門路二段386號,
5516,櫻花樹夏民宿,-#,苗栗縣,苗栗縣竹南鎮正南里10鄰中山路47號,972092658
5515,喫茶居民宿,037-231906#,苗栗縣,苗栗縣公館鄉福星村2鄰福星43-13號,
5513,驛澎湖民宿,06-9268366#,澎湖縣,澎湖縣馬公市光榮街95號,989971639
5511,餅弄民宿,-#,高雄市,高雄市鹽埕區大有街45-1號,906912161
5510,路徒行旅-台南成大館,06-2096988#,臺南市,臺南市北區前鋒路318號,
5508,NL概念商旅,07-7462536#,高雄市,高雄市鳳山區文衡路18號,
4698,東椿民宿,-#,臺東縣,臺東縣台東市興安路一段191號,936168966
4697,沐泉精品民宿,-#,臺東縣,臺東縣台東市台東縣福建路137號,905360282
4696,台東鹿鳴溫泉酒店,02-27006856#226,臺東縣,臺東縣台東市台東縣中華路一段200號,
4695,簡單小日子民宿,089-237872#,臺東縣,臺東縣台東市興安路二段23號,975237873
4694,樂活台東民宿,-#,臺東縣,臺東縣台東市文昌路61號,911888678
4693,阿娣的家,089-232923#,臺東縣,臺東縣台東市志航路1段412巷17弄17號,
4692,2013民宿,-#,臺東縣,臺東縣台東市東糖街31號,911879227
3490,旅莊Urhome,02-21001023#,臺北市,臺北市中山區中山北路一段105巷12-6號,
3489,北門文旅,02-25567797#,臺北市,臺北市大同區長安西路145巷3號,
3487,門草行旅,02-25577045#,臺北市,臺北市大同區安西街23號,
3486,台北六福萬怡酒店,02-21716565#,臺北市,臺北市南港區忠孝東路七段359號,
3485,野趣光延旅館T.O.Hotel,02-23140202#,臺北市,臺北市中正區開封街一段2號2樓,
3484,野趣旅舍T.O.Hotel,02-25521300#,臺北市,臺北市大同區承德路二段28號,
3483,帝華旅社,02-23118411#,臺北市,臺北市萬華區康定路206號11樓,
3503,香榭大飯店,04-23221775#,臺中市,臺中市西區西屯路一段175號,
3502,十興商旅,04-23025066#,臺中市,臺中市西區忠明南路333號,
3501,月湖老家民宿,-#,臺中市,臺中市新社區東湖街二段68巷38號,937283360
3499,綠宿行旅,04-23010011#,臺中市,臺中市西區民生北路126號,
3498,田中央旅店,04-22203366#,臺中市,臺中市東區大智路65號,
3497,蒲園飯店,02-27530772#,臺北市,臺北市松山區八德路4段176號,
3352,优閒民宿,0988-056760#,屏東縣,屏東縣恆春鎮墾丁路和平巷5號,988056760
3351,水悅精品會館,04-24077666#,臺中市,臺中市大里區永隆七街137號,
3350,暘光橘子民宿,06-9217060#,澎湖縣,澎湖縣馬公市西文里西文澳185-3號,981221714
3347,青青一築民宿,-#,澎湖縣,澎湖縣馬公市安宅里宅腳嶼91-38號,933695779
3346,幸福莊園,08-7958380#,屏東縣,屏東縣高樹鄉廣福村興農路85-1號,937326788
3345,得恩典旅宿,0912-765829#,屏東縣,屏東縣潮州鎮大同路21號,912765829
3604,安平156民宿,-#,臺南市,臺南市安平區同平路156巷24號,929363093
3603,安平72民宿,-#,臺南市,臺南市安平區世平一街8巷72號,929363093
3602,森弄民宿,-#,臺南市,臺南市中西區神農街92號,986680021
3601,安平寵物島民宿,-#,臺南市,臺南市安平區同平路156巷18之1號,929363093
3600,安平倆倆民宿,06-2908091#,臺南市,臺南市安平區世平路21號,
3599,榮興金鬱金香酒店,06-2208366#,臺南市,臺南市中西區民族路二段128號,
3598,達煦23旅店,06-2222723#,臺南市,臺南市中西區康樂街156號5樓,
5534,原山物語民宿,-#,屏東縣,屏東縣三地門鄉大社村和平路二段19巷11號,927801835
3649,台南遠東香格里拉飯店,06-7028819#,臺南市,臺南市東區台南市大學路西段89號,
3648,寶麗頌旅館,06-3365874#,臺南市,臺南市東區中華東路三段452巷8弄2號,
3647,傑克堡旅館有限公司,-#,臺南市,臺南市北區民德路58巷106號,966515771
3646,安平作夥憩海邊,-#,臺南市,臺南市安平區州平二街38巷22號,937017956
3645,愉品居民宿,-#,臺南市,臺南市中西區府中街36號,972609152
3644,包成家,06-2211060#,臺南市,臺南市中西區海安路二段128巷38號,
3643,富信大飯店,06-2227373#,臺南市,臺南市北區成功路336號,
3637,廣角民宿,-#,臺南市,臺南市中西區大同路一段46巷37弄2-1號,916880570
3636,巨地花園度假酒店,06-5990055#,臺南市,臺南市新市區大營里133號,
3635,三道門建築文創旅店,06-2223088#,臺南市,臺南市中西區成功路 77 號,
3634,FUNDI HOTEL,-#,臺南市,臺南市北區成功路68巷27號,905809238
3633,台糖長榮酒店(台南),06-3373888#2310,臺南市,臺南市東區中華東路三段336巷1號,
3614,臺邦商旅,06-2931800#,臺南市,臺南市安平區永華二街199號,
3613,ALife 好.生活整合國際旅宿,-#,臺南市,臺南市鹽水區朝琴路127-2號,933352757
3612,556吉荷民宿,-#,臺南市,臺南市大內區環湖里環湖55-6號,972885805
3611,晶綻花園汽車旅館,06-5858877#,臺南市,臺南市新市區善新大道1號,
3610,荷蘭洋行,06-7823000#,臺南市,臺南市學甲區自強路103號,
3609,台糖柳營尖山埤渡假村,06-6233888#,臺南市,臺南市柳營區旭山里60號,
5379,現代館民宿,0932-328308#,屏東縣,屏東縣琉球鄉信義路7-1號,932328308
5378,珊瑚假期民宿,08-8613535#,屏東縣,屏東縣琉球鄉本福村12鄰中山路104號,911081670
5376,北投會館捷之旅,02-28921485#,臺北市,臺北市北投區大業路527巷88號,972696303
5375,香榭雅筑民宿,049-2760777#,南投縣,南投縣集集鎮八張街53-3號,939501830
5373,嘉義小青旅,-#,嘉義市,嘉義市林森西路460號,966725905
5372,櫻珍大飯店,03-3764599#,桃園市,桃園市桃園區桃鶯路152號,
5371,蜜月世紀大飯店,03-3374567#,桃園市,桃園市桃園區三民路三段55號,
5370,知本金聯世紀酒店,-#,臺東縣,臺東縣卑南鄉龍泉路30號,920379915
5369,昇財麗禧酒店,04-8333999#,彰化縣,彰化縣員林市中山路二段395號,
5356,康瀚行旅,07-2112151#,高雄市,高雄市前金區七賢二路195號,905588006
5355,夢想家民宿,08-8612351#,屏東縣,屏東縣琉球鄉三民路39-1號,912893285
5354,想睡就睡民宿,-#,澎湖縣,澎湖縣馬公市前寮里21-28號,975112123
5353,琉球居民宿,08-8612150#,屏東縣,屏東縣琉球鄉大福村仁愛路80-2號,933654282
5352,佳仕堡商務飯店,05-2375311#,嘉義縣,嘉義縣太保市北港路二段218號,921556195
5350,愛上喜翁民宿(愛上喜翁莊園股份有限公司),03-6583152#,新竹縣,新竹縣五峰鄉竹林村4鄰忠興93號,933290500
5368,MOSA臺窩灣民居,-#,臺南市,臺南市安平區國勝路25號,986231257
5367,福華石門水庫渡假飯店,03-4112323#,桃園市,桃園市龍潭區民富街176號,
5366,悅徠舘,03-3280088#,桃園市,桃園市龜山區興華三街18號,920238191
5364,鹿港宏旭民宿,-#,彰化縣,彰化縣鹿港鎮永安三路25號,937794079
5361,歐法行旅,02-23711333#,臺北市,臺北市萬華區中華路一段90號5樓,
5360,莒光英雄館民宿,0836-88033#,連江縣,連江縣莒光鄉大坪村3-3號,937097958
5359,葳葦民宿,-#,新北市,新北市金山區六股林口72之3號,920775155
5358,鴻景山莊一館,0836-88033#,連江縣,連江縣莒光鄉大坪村5號,
5357,成都旅社民宿,05-2651203#,嘉義縣,嘉義縣大林鎮平和街19號,933263727
5344,微光晨曦,-#,屏東縣,屏東縣琉球鄉大福村中正路204號,987463866
5342,蘇宅旅店,08-8613657#,屏東縣,屏東縣琉球鄉中山路199號,918999199
5349,晶華酒店,02-25238000#,臺北市,臺北市中山區中山北路二段39巷3號,
5348,南海雅築,-#,屏東縣,屏東縣琉球鄉中正路211-1號,978213368
5347,林口亞昕福朋喜來登酒店,02-77276988#,新北市,新北市林口區文化三路一段1號,
5346,98旅店,-#,屏東縣,屏東縣琉球鄉上福村相埔路98號,905886527
5345,北關休閒農場(馥森淨饍食養生態園),03-9772168#,宜蘭縣,宜蘭縣頭城鎮更新路205號,
5333,曜帆休閒事業有限公司(緩慢大鵬灣),08-8751239#,屏東縣,屏東縣東港鎮南平路139號2樓,
5332,緩慢石梯坪民宿,03-8781789#,花蓮縣,花蓮縣豐濱鄉港口村石梯灣123號,
5331,緩慢金瓜石股份有限公司,02-24961111#,新北市,新北市瑞芳區金瓜石石山里山尖路 91號,
5330,鐡馬騎跡民宿,08-8353161#,屏東縣,屏東縣東港鎮新學路50號,952848898
5329,台南晶英酒店,06-3908088#,臺南市,臺南市中西區和意路1號,
5385,Uno青年旅舍(一陽大飯店股份有限公司),07-2018686#,高雄市,高雄市新興區中山二路548號,
5384,川賦商旅,04-25288777#,臺中市,臺中市豐原區向陽路77之1號,938767725
5383,綉溪安平,06-3910988#,臺南市,臺南市安平區古堡街136號,
5381,南華民宿,04-8855131#,彰化縣,彰化縣溪湖鎮彰水路三段122號,
5380,經典大飯店范特奇堡,049-2899999#7200,南投縣,南投縣魚池鄉秀水路69號,
3306,荷米旅居,04-22292900#,臺中市,臺中市中區中山路320號,
3305,鴨子的家民宿,03-8537708#,花蓮縣,花蓮縣吉安鄉知卡宣大道三段649號,
3303,美麗道商旅,07-2161999#,高雄市,高雄市新興區中正三路99-2號,
3302,台南老爺行旅,06-2361680#157,臺南市,臺南市東區中華東路一段368號,
3301,晶泉丰旅,03-9100000#,宜蘭縣,宜蘭縣礁溪鄉溫泉路67號,981980673
5338,花蓮力麗華美達安可酒店,03-8350666#,花蓮縣,花蓮縣花蓮市林森路33號,
5337,55心聚點,-#,連江縣,連江縣南竿鄉津沙村150號,978088069
5334,綠波浪森林會館(尋路苗栗綠波浪),-#,苗栗縣,苗栗縣三義鄉龍騰村013鄰龍騰3-6號,989966858
3562,葉綠宿旅館,04-27077373#,臺中市,臺中市西屯區西屯路二段287號,
3561,日光山林民宿,-#,臺中市,臺中市東勢區新城街288巷22號,922822672
3560,東海小時光,-#,臺中市,臺中市龍井區新興路東興巷45號,980206230
3559,夢想12旅店,04-22276622#,臺中市,臺中市北區柳川西路四段1號12樓,
3558,黃埔75旅店,04-22066611#,臺中市,臺中市西區五權路203號,
3557,紅磚小屋,-#,臺中市,臺中市外埔區甲后路4段598號,988297099
3556,禾口三一景觀民宿,04-25826816#,臺中市,臺中市新社區華豐一街42-3號,
3555,福壽山農場,04-25989202#,臺中市,臺中市和平區梨山里福壽路29號,
3591,KEEBE集好HOTEL旅店,02-24201166#,基隆市,基隆市仁愛區仁二路215號,
3590,華帥海景飯店,02-24223131#,基隆市,基隆市仁愛區基隆市孝二路108號,
3589,盛德民宿,02-24551521#,基隆市,基隆市七堵區瑪東里大同街47-4號,
3588,金華大飯店,02-24238181#,基隆市,基隆市仁愛區成功一路9號,
3587,華都飯店,02-24202277#,基隆市,基隆市仁愛區基隆市仁一路307號,
3586,華國大飯店,02-24267101#,基隆市,基隆市仁愛區愛三路49巷18號,
3585,北都大飯店,02-24227899#,基隆市,基隆市中正區信二路319號,
3584,大華商旅,02-24246391#,基隆市,基隆市仁愛區精一路15號6-9樓,
3583,成旅晶贊飯店-台中民權,04-22235678#,臺中市,臺中市中區民權路66號,
3535,閒情驛站,-#,臺中市,臺中市石岡區梅子里17-10號,910541317
3534,快樂腳旅棧,04-22232033#,臺中市,臺中市中區中華路一段185號10樓,
3532,花田民宿,04-25823666#,臺中市,臺中市新社區興中街17-6號,
3531,國際知客實業有限公司KUN HOTEL,04-24517333#,臺中市,臺中市西屯區福星北三街33巷56號,
3530,台中兆品酒店,04-24255678#,臺中市,臺中市北屯區后庄路306號,
3529,星漾商旅-中清館,04-22083888#,臺中市,臺中市北區中清路一段63號,
3528,愛麗絲國際大飯店,04-23782645#,臺中市,臺中市西區柳川西路二段77號,
3549,潛立方旅館,04-23552208#,臺中市,臺中市西屯區安和西路69號,
3548,巢旅宿SU Taichung Hostel,-#,臺中市,臺中市中區自由路二段6號8樓之1,932593166
3547,頭等艙飯店,04-23280707#,臺中市,臺中市西區美村路一段22號,
3546,MINI HOTELS台中火車站館,04-22259966#,臺中市,臺中市東區大勇街69號,
3545,二八樹巷旅宿,04-23142288#,臺中市,臺中市西屯區櫻城一街85號,
3544,茂華商旅,04-26873377#,臺中市,臺中市大甲區孔雀路55號,
3543,台中富信大飯店,04-22296999#,臺中市,臺中市中區市府路14號,
3542,火柴盒,-#,臺中市,臺中市龍井區新興路13巷16號,912378070
5327,大來商旅,02-27160011#211,臺北市,臺北市松山區長春路432號,918952840
5326,珠山娜一家二館,082-312333#,金門縣,金門縣金城鎮珠山78號,928757568
5324,府城峰情文旅,06-2958558#,臺南市,臺南市安平區健康四街38號,986553311
5323,首都大飯店松山館,02-77375577#,臺北市,臺北市松山區八德路四段658號,
5321,瓏山林台北中和飯店,02-22215658#0,新北市,新北市中和區中正路631號,911861127
5320,台北君品大酒店,02-21819988#,臺北市,臺北市大同區承德路一段三號,
5319,進綵商旅,02-25536711#,臺北市,臺北市大同區迪化街一段334號,980826755
5318,泉都溫泉會館,02-28960077#615,臺北市,臺北市北投區光明路220號,931830951
5317,北投老爺酒店,02-28966966#8878,臺北市,臺北市北投區中和街2號,
5316,小島人家,0836-22766#,連江縣,連江縣南竿鄉介壽村336-9號,937876926
5315,璞宿商旅,0836-22779#,連江縣,連江縣南竿鄉介壽村336-8號,919909502
5314,安錤的家,0836-22180#,連江縣,連江縣南竿鄉介壽村47之2號2樓,928094190
5312,一加一旅館,02-23892886#,臺北市,臺北市萬華區昆明街三十四號3樓,939673032
5311,馬祖民宿,0836-23404#,連江縣,連江縣南竿鄉介壽村200號,
5310,台北凱撒大飯店,02-23115151#,臺北市,臺北市中正區忠孝西路一段38號,
5307,麗堤民宿,0836-26688#,連江縣,連江縣南竿鄉介壽村245-1號2樓,919196962
5306,麗堤本館民宿,0836-26688#,連江縣,連江縣南竿鄉介壽村245-1號,921932686
5305,聽海民宿一館,0836-23003#,連江縣,連江縣南竿鄉津沙村32號,
5304,芽哦小窩,-#,連江縣,連江縣南竿鄉介壽村47-11號,934316786
5303,清水灣客棧二館,0836-22771#,連江縣,連江縣南竿鄉清水村130-2號,
5302,清水灣客棧一館,0836-22771#,連江縣,連江縣南竿鄉清水村130-1號,
5301,清水灣客棧,0836-22771#,連江縣,連江縣南竿鄉清水村88號,
5300,鼎鑫海景民宿,-#,連江縣,連江縣南竿鄉復興村25-3號,933933124
5299,津沙海雲邊一館,0836-26190#,連江縣,連江縣南竿鄉津沙村38號,
5298,津沙海雲邊民宿,0836-26190#,連江縣,連江縣南竿鄉津沙村101之2號,
5297,津沙古街客居,0836-26190#,連江縣,連江縣南竿鄉津沙村100號,928812879
5296,雲津客棧,-#,連江縣,連江縣南竿鄉馬祖村103-2號,905505811
5295,鄉居民宿,-#,連江縣,連江縣南竿鄉津沙村29-1號,958770660
5294,金沙28,-#,連江縣,連江縣南竿鄉津沙村28號,916507697
5293,嚮居民宿,-#,連江縣,連江縣南竿鄉仁愛村133號,905018186
5292,津沙真好窩,-#,連江縣,連江縣南竿鄉津沙村64號,919280564
5291,雲台客棧,-#,連江縣,連江縣南竿鄉津沙村79號,963015100
5290,宜蘭力麗威斯汀度假酒店- The Westin Yilan Resort,03-9232111#,宜蘭縣,宜蘭縣員山鄉永同路三段268號,
5289,海老屋民宿,-#,連江縣,連江縣南竿鄉復興村114號,932163107
5288,夫人民宿,-#,連江縣,連江縣南竿鄉四維村40號,932260514
5287,瑞居行旅,049-2895589#,南投縣,南投縣魚池鄉大雁村大雁巷-26-11號,
5286,瑞居渡假飯店,049-2895589#,南投縣,南投縣魚池鄉大雁村大雁巷47-9號,
5285,幸福客棧,-#,彰化縣,彰化縣和美鎮南安路176號,919525834
5284,福華民宿,0836-22990#,連江縣,連江縣南竿鄉福沃村110號,921604886
5283,依金那民宿,0836-22098#,連江縣,連江縣南竿鄉福沃村57號,958052076
5282,悠而行旅,0836-25109#,連江縣,連江縣南竿鄉馬祖村11號2樓,911883762
5281,珠螺灣會館,-#,連江縣,連江縣南竿鄉珠螺村42號,939238536
5280,蔚藍珠海民宿,0836-26800#,連江縣,連江縣南竿鄉四維村20號,
5279,皇亞會館,0836-26109#,連江縣,連江縣南竿鄉仁愛村15-1號,978210698
5278,海浪花客棧,0836-22568#,連江縣,連江縣南竿鄉仁愛村64號,921930038
5277,康橋商旅-城市之星-漢神館,07-2815566#,高雄市,高雄市前金區中華四路290號,
5275,香氛居家民宿,-#,花蓮縣,花蓮縣花蓮市國興里21鄰介智街35巷6號,912521289
5274,阿騫的家民宿,-#,花蓮縣,花蓮縣秀林鄉佳民村佳民25-28號,912276789
5273,福田民宿,-#,花蓮縣,花蓮縣新城鄉康樂村精舍街88巷2號,918519386
5272,生日快樂莊園民宿,03-8260979#,花蓮縣,花蓮縣秀林鄉佳民村48-12號,928570977
5271,提米好旅,04-7061086#,彰化縣,彰化縣彰化市成功路277號,921028128
5270,三生三世民宿,-#,花蓮縣,花蓮縣吉安鄉吉安路一段67號,919908622
5269,思旅,07-8229301#,高雄市,高雄市鼓山區臨海一路14之1號,939166821
5268,得月觀止,-#,金門縣,金門縣金寧鄉古寧村南山12號,932098890
5267,神旺商務酒店,02-25115185#33409,臺北市,臺北市中山區南京東路1段128號,955343317
5266,五葉松民宿,-#,花蓮縣,花蓮縣花蓮市介林三街25號,926898168
5265,珠山娜一家,082-312333#,金門縣,金門縣金城鎮珠山83號,928757568
5264,時隅,-#,金門縣,金門縣金城鎮歐厝65號,986629929
5263,Dwell In Quemoy民宿,-#,金門縣,金門縣金城鎮歐厝73號,986629929
5262,珠山大院,082-327061#,金門縣,金門縣金城鎮珠山19號,821588002
5261,序室,082-362871#,金門縣,金門縣金湖鎮瓊林里瓊林111號,912551570
5260,花縣．幸福．16號民宿,03-8263013#,花蓮縣,花蓮縣新城鄉康樂村精舍街85巷16號,937976287
5259,水頭118號民宿,082-320879#,金門縣,金門縣金城鎮前水頭118號,972984979
5258,新水頭客棧,082-320879#,金門縣,金門縣金城鎮前水頭121號,972984979
5256,古洋樓舒宅,-#,金門縣,金門縣金城鎮前水頭七號,905989286
5255,珍友愛,09-65364471#,臺南市,臺南市中西區友愛街26-1號,965364471
5254,珍遇珍寓,09-05574941#,臺南市,臺南市中西區南門路157-1號,905574941
5252,依山初晴,082-311850#,金門縣,金門縣金城鎮珠山17-1號,963500713
5251,康橋商旅-台南館,06-2245566#,臺南市,臺南市中西區民生路二段299號,939912341
5248,康橋商旅-員林館,04-8381866#,彰化縣,彰化縣員林市靜修路12號5至7樓,911795707
4424,灣仔海景特色民宿,08-8613910#,屏東縣,屏東縣琉球鄉和平路3巷39號,
4423,小麻雀的家,-#,屏東縣,屏東縣琉球鄉中正路3巷2之1號,933340222
4422,好樣的民宿,08-8614466#,屏東縣,屏東縣琉球鄉三民路129號,
4421,品軒旅宿,-#,屏東縣,屏東縣琉球鄉中山路1巷7號,988759826
4420,航海家民宿,08-8612681#,屏東縣,屏東縣琉球鄉中山路37之1號,
4418,賢濱山莊特色民宿,08-8611230#,屏東縣,屏東縣琉球鄉三民路206-1號,
4417,枋居背包客棧,-#,屏東縣,屏東縣枋寮鄉中華路164巷19號,911939936
4409,海景三合院特色民宿,-#,屏東縣,屏東縣琉球鄉杉福村復興路53號,928618178
4408,小琉球船屋特色民宿,08-8612239#,屏東縣,屏東縣琉球鄉中山路２２４號,
4407,大峰民宿,08-8614588#,屏東縣,屏東縣琉球鄉中福村三民路288-3號,988614588
4406,漫步莊園,08-8856886#,屏東縣,屏東縣恆春鎮墾丁路石牛巷1-5號,
4405,托斯卡尼,08-8861282#,屏東縣,屏東縣恆春鎮墾丁路石牛巷1-3號,
4404,白沙生活會館,08-8867168#,屏東縣,屏東縣恆春鎮水泉里白砂路28-5號,
4403,華泰瑞苑 墾丁賓館,08-8863666#,屏東縣,屏東縣恆春鎮公園路101號,
5211,嘉義智選假日酒店,05-2335899#,嘉義市,嘉義市西區中興路69號,
5210,河樂文旅,06-2290001#,臺南市,臺南市中西區金華路三段230號9、10樓,
5209,美棧事業(股)公司 水里分公司,049-2771888#,南投縣,南投縣水里鄉東三街51號,
5208,美棧事業(股)公司 前金分公司,07-2156688#,高雄市,高雄市前金區永恆街3號,
4650,旭緣咖啡民宿,-#,臺東縣,臺東縣台東市永安街18巷31弄1號,910556349
4649,密斯朵民宿,-#,臺東縣,臺東縣台東市新生路593巷25號,986866545
4648,伊塔原旅台東縣原住民文化會館,089-340605#,臺東縣,臺東縣台東市中山路10號,
4647,東之緣民宿,-#,臺東縣,臺東縣台東市台東縣鐵花路102號,981716600
4646,東之宿民宿,-#,臺東縣,臺東縣台東市鐵花路86巷19-2號,981716600
4645,娜路彎大酒店股份有限公司,089-239666#,臺東縣,臺東縣台東市950台東市連航路66號,
4644,瑪莉特調民宿,-#,臺東縣,臺東縣台東市興安路一段171號,921204100
4643,托斯卡尼民宿,-#,臺東縣,臺東縣台東市興安路一段169號,978003121
4642,鎖定台東民宿,-#,臺東縣,臺東縣台東市興安路一段22號,928688774
4714,醇旅旅宿,-#,臺東縣,臺東縣卑南鄉950台東縣利嘉村利民路89-1號,966909118
4713,魔法精靈民宿,-#,臺東縣,臺東縣台東市新站路68號,988182983
4712,小熊管家親子民宿,-#,臺東縣,臺東縣台東市臺東市樂利路2號,928349076
4711,普悠瑪,-#,臺東縣,臺東縣台東市樂利路61-1號,910952087
4710,藍白式度假民宿,-#,臺東縣,臺東縣關山鎮台東縣豐隆路19號,919873589
4709,橫賓浪漫,-#,臺東縣,臺東縣台東市豐榮路88號,912789538
4708,感覺台東民宿,-#,臺東縣,"臺東縣台東市中興路二段122號 , 台東縣 95065 臺灣",910672990
4707,夏日微風民宿,-#,臺東縣,臺東縣台東市更生路820巷36弄3號,978963777
4706,春語民宿,089-551057#,臺東縣,臺東縣鹿野鄉台東縣龍田村南一路338號,932151823
4621,瑪吉外宿,-#,臺東縣,臺東縣台東市台東市志航路一段412巷17弄31號,933390398
4620,娜路彎花園酒店,089-236746#,臺東縣,臺東縣台東市台東市新興路77號,
4619,台東涵園別墅民宿,089-550616#,臺東縣,臺東縣鹿野鄉台東縣龍田村南三路115號,
4618,台東幸運草民宿,-#,臺東縣,臺東縣台東市樂利路57巷18號,928215886
4616,京棧民宿,-#,臺東縣,臺東縣台東市樂利路57巷16-2號,986776900
4615,京棧興盛,089-222932#,臺東縣,臺東縣台東市興盛路208號,
4614,富野溫泉休閒會館,089-510510#,臺東縣,臺東縣台東市台東縣卑南鄉溫泉村龍泉路16號,
4667,宅.邸+民宿,-#,臺東縣,臺東縣台東市台東縣更生北路613巷37號,928787995
4666,開封小棧民宿,-#,臺東縣,臺東縣台東市開封街805巷2號,933586585
4665,紅冠水雉田園民宿,-#,臺東縣,臺東縣台東市知本路2段891巷66號,931096399
4664,渡邊森活庭園民宿,-#,臺東縣,臺東縣台東市和平街63號,939010048
4663,一品苑民宿,-#,臺東縣,臺東縣台東市新興路1巷61弄18號,932923009
4662,邦喬諾民宿,-#,臺東縣,臺東縣台東市興盛路228號,919639575
4661,米多麗精緻民宿,-#,臺東縣,臺東縣台東市新站一街26號,911445440
4660,伊亞民宿,089-333010#,臺東縣,臺東縣台東市正氣北路76巷62弄11號,
4659,睡袋山豬背包客棧,-#,臺東縣,臺東縣台東市安和路102巷32號,982501238
5206,丸松大旅社,037-320283#,苗栗縣,苗栗縣苗栗市中山路658號,921354950
5205,富貴民宿,-#,彰化縣,彰化縣彰化市中正路二段249巷38號,982227885
5204,湛藍海寓民宿Azure Seaside House,05-3730252#,嘉義縣,嘉義縣東石鄉東石村6之16號,977007518
5203,富士大飯店股份有限公司,02-26918999#5033,新北市,新北市汐止區大同路一段128號,
5197,隨緣民宿,0972-881723#,屏東縣,屏東縣恆春鎮北門路42巷5號,972881723
5196,平安居咖啡民宿,03-9511387#,宜蘭縣,宜蘭縣冬山鄉廣安村復興路166號,919314513
5247,後山圓夢民宿,03-8263828#,花蓮縣,花蓮縣新城鄉康樂村精舍街88巷2-1號,928263828
5246,鳥藝古厝,-#,金門縣,金門縣金城鎮前水頭6號,987210175
5245,康橋商旅-七賢館,07-2885588#,高雄市,高雄市新興區同愛街30號,933693365
5244,康橋商旅-光榮碼頭館,07-3343377#,高雄市,高雄市苓雅區青年二路169號,
5243,小小逐月坊(little-moonlight),05-2168528#,嘉義市,嘉義市西區文化里國華街181巷14號,
5242,康橋商旅-五甲館,07-8122840#,高雄市,高雄市鳳山區福德街143巷22號,
5240,走路回家背包客棧民宿,00-000000#,嘉義市,嘉義市西區中山路612號,912052923
5239,淌淌時光,05-2169199#,嘉義市,嘉義市北榮街193-1號,937017837
5143,星鑽國際商旅,06-2232188#,臺南市,臺南市中西區金華路三段218號,911687123
5142,慕軒飯店,02-77266699#,臺北市,臺北市大安區敦化南路一段331號,938698092
4261,華億民宿,05-5901375#,雲林縣,雲林縣古坑鄉華山村14鄰華山90號,
4260,茗豐民宿,05-5901368#,雲林縣,雲林縣古坑鄉華山村89號,
4259,華山禾園休閒民宿,05-5901667#,雲林縣,雲林縣古坑鄉華山村77號,
4258,石壁大飯店,05-5831238#,雲林縣,雲林縣古坑鄉草嶺村石壁75-1號,
4257,風信子商旅,05-5370917#,雲林縣,雲林縣斗六市民生路170號5-7樓,
4256,微旅時尚旅店,05-5323955#,雲林縣,雲林縣斗六市太平路2號,
4254,劍湖山渡假大飯店,05-5828111#,雲林縣,雲林縣古坑鄉永光村大湖口67之8號,
4253,御花園汽車旅館有限公司斗六店,05-5376622#,雲林縣,雲林縣斗六市府文路56號,
4252,山櫻花庭園旅館股份有限公司,05-5952888#,雲林縣,雲林縣斗南鎮新生一路59號,
4251,緻麗伯爵酒店,05-5341666#,雲林縣,雲林縣斗六市中山路6號,
5238,康橋慢旅,06-2805566#,臺南市,臺南市中西區民生路二段416號,928797231
5236,康橋商旅-後驛九如館,07-3153366#,高雄市,高雄市三民區九如二路339號,973369167
5235,康橋商旅-台南赤崁樓館,06-2253377#,臺南市,臺南市中西區民權路二段97號,
5234,康橋商旅-六合夜市中正館,07-2881166#,高雄市,高雄市前金區中正四路112號,
5233,一起一起旅店 花蓮中山館,03-8333152#,花蓮縣,花蓮縣花蓮市中山路101號,932396301
5232,光華民宿,-#,屏東縣,屏東縣潮州鎮光華一巷35之3號,928707765
5218,福華國際文教會館,02-77122323#2113,臺北市,臺北市大安區新生南路3段30號,910277207
5217,高雄圓山大飯店,07-3705911#503,高雄市,高雄市鳥松區圓山路2號,
5216,壹樓文旅,09-05965299#,金門縣,金門縣金湖鎮瓊林179號,905965299
5215,鹿港永樂酒店,04-7762999#2917,彰化縣,彰化縣鹿港鎮三民路152號,937281283
5214,普邑斯商務旅館,03-5428681#,新竹市,新竹市東區民權路193號,
5213,永悅商務大飯店,05-2839888#,嘉義市,嘉義市興業西路369號,
5212,樂知旅店,089-322100#,臺東縣,臺東縣台東市復興路145號,
3732,人字山莊,07-6822159#,高雄市,高雄市美濃區中圳里民權路66-5號,
3731,草地人民宿,07-6791992#,高雄市,高雄市六龜區新發里新開路33號,
3730,木森林香草民宿,07-6895866#,高雄市,高雄市六龜區興龍里舊潭21-1號,
3729,日景園民宿,07-6891317#,高雄市,高雄市六龜區文武里光明巷37-1號,
3728,陽光大飯店(股)公司,07-3327988#,高雄市,高雄市苓雅區中華四路75號,
3727,和逸飯店高雄中山館,07-9756680#,高雄市,高雄市前鎮區中山二路260號,
3726,拾憶文化(紙飛機高雄青年旅館),07-3228012#,高雄市,高雄市三民區博愛一路287號10樓,968500985
3725,城市商旅高雄真愛館,07-5215116#,高雄市,高雄市鹽埕區大義街1號,
3748,哲園學產文教會館,07-5537520#,高雄市,高雄市鼓山區中華一路453號,
3747,丈引小院2館,-#,高雄市,高雄市左營區建業新村36號,908116579
3746,丈引小院1館,-#,高雄市,高雄市左營區建業新村35號,908116579
3745,海軍官邸四號院,-#,高雄市,高雄市左營區建業新村4號,929071789
3744,海軍官邸三號院,-#,高雄市,高雄市左營區建業新村3號,929071789
3743,綠芙香氛SPA民宿,-#,高雄市,高雄市左營區建業新村緯12路2-1號,915770068
3742,美麗時光,-#,高雄市,高雄市左營區建業新村1號,921336461
3741,眷村戀影,-#,高雄市,高雄市左營區建業新村14號,916159329
3740,大樹南瓜屋-義大別莊,07-7515754#,高雄市,高雄市大樹區三和里學城路一段8巷86號,931950954
3763,奇異果快捷旅店-高雄車站店,07-3130888#,高雄市,高雄市三民區大連街88號1-7樓,911567451
3762,貝殼窩港都青年旅舍,07-2018686#,高雄市,高雄市新興區中山二路548號1至8樓,
3761,旅聚居青年旅舍,07-2851231#,高雄市,高雄市新興區中山一路117號6樓,
3760,捷絲旅-站前館,07-9733588#,高雄市,高雄市新興區中山一路280號1至14樓,930008176
3759,鳳山79背包客,-#,高雄市,高雄市鳳山區黃埔新村東一巷79號,905198074
3758,眷待期休憩所,-#,高雄市,高雄市鳳山區黃埔新村東三巷102號,986003102
3757,蛋花湯民宿,-#,高雄市,高雄市鳳山區黃埔新村東二巷91號,909621071
3756,多野樂旅館-寵物友善旅館,07-3510222#,高雄市,高雄市楠梓區興楠路385號,
5139,臺南大餅的家,-#,臺南市,臺南市安平區安北路196巷11弄2號,933512305
5138,洄瀾樂活民宿,-#,花蓮縣,花蓮縣花蓮市富裕三街28號,919020188
5137,日立大飯店,06-9265898#,澎湖縣,澎湖縣馬公市惠民一路25號,931947007
5136,干城35民宿,03-8529008#,花蓮縣,花蓮縣吉安鄉干城二街35巷1號,932313427
5135,蔚藍白鷺民宿,-#,屏東縣,屏東縣東港鎮嘉新一街358號,928355350
5134,圓頂瓦舍民宿,06-9951122#,澎湖縣,澎湖縣馬公市山水里110-27號,963138660
5133,夢的堡壘海景民宿,06-9951111#,澎湖縣,澎湖縣馬公市山水里110-17號,963138660
5132,鹹菜巷8號,06-2213373#,臺南市,臺南市中西區開山路122巷56弄8號,919918089
5131,原來如此民宿,03-8621673#,花蓮縣,花蓮縣秀林鄉崇德村192號,905052783
5130,阿瑪斐民宿,-#,屏東縣,屏東縣東港鎮明禮路121號,929334450
5129,月牙泉民宿,03-9613629#,宜蘭縣,宜蘭縣羅東鎮北投街221號,922023797
5128,夏都城旅安平館,06-2924567#,臺南市,臺南市南區新建路47號5至8樓,
5127,普羅民遮民宿,0909-470380#,臺南市,臺南市中西區民權路二段146號,909470380
5126,安康居,06-2222737#,臺南市,臺南市中西區府前路一段122巷14號,966222737
5125,In.T,-#,臺南市,臺南市北區成功路22巷18弄72號,903127383
5124,禮來大飯店有限公司,07-2012222#,高雄市,高雄市前金區六合二路166號,985742111
5123,風海山會館,-#,屏東縣,屏東縣恆春鎮環城北路120號,975297807
5122,空中城都會商務旅館,07-5666111#,高雄市,高雄市苓雅區自強三路5號33樓,985748111
5120,日安蝸牛,-#,臺南市,臺南市中西區西寧街6號,917117565
5119,海明蔚民宿,03-8671088#,花蓮縣,花蓮縣壽豐鄉鹽寮村福德56號,928113466
5118,泉銘行館,037-990959#,苗栗縣,苗栗縣大湖鄉富興村7鄰八寮灣33-31號,
5117,逗之,09-08260158#,臺南市,臺南市中西區永福路二段158巷2-1號,908260158
5116,上好旅店民宿,08-8861448#,屏東縣,屏東縣恆春鎮墾丁路64號,932466422
5115,花香林民宿,03-9600038#,宜蘭縣,宜蘭縣冬山鄉東八路93號,984100958
5114,夏都富朗酒店,06-2221168#,臺南市,臺南市北區成功路114號,932658020
5113,樂圖漫遊會館民宿一館,06-9260507#,澎湖縣,澎湖縣馬公市西衛里261-9號,933695493
5112,秀川居,02-26717090#208,新北市,新北市三峽區秀川街68號,925113227
5111,四季時光,-#,南投縣,南投縣魚池鄉頭社村平和巷103-11號,932376767
5110,餘光,06-3911299#,臺南市,臺南市安平區漁光路119巷8號,900628226
5109,葉綠宿．漫漫回嘉,05-2223366#,嘉義市,嘉義市西區民生北路175、177號,
5108,珠粼,06-3910720#,臺南市,臺南市安平區世平五街10巷31號,
5107,洋蔥旅居,-#,屏東縣,屏東縣恆春鎮光明路78之1號,972150178
5106,左左拉輕旅,-#,屏東縣,屏東縣恆春鎮恆南路63巷47號,917865131
5105,小古堡,06-2559501#,臺南市,臺南市安平區安平路990巷21弄6號,953964939
5104,安平有間旅店,06-2215515#,臺南市,臺南市安平區運河路23巷27號,933118852
5103,松鶴園大飯店,049-2855364#,南投縣,南投縣魚池鄉水社村中山路137號,937758407
5102,南投埔里冠月精品旅館,049-2900679#,南投縣,南投縣埔里鎮信義路319號,
5101,Hygge安平行旅,06-2237068#,臺南市,臺南市安平區安北路129之1,928281812
5100,安娜與國王酒店,05-2789591#,嘉義市,嘉義市和平路150號,
5099,府城窩旅,06-2226890#,臺南市,臺南市北區成功路114號6樓,
4201,天水蓮大飯店,049-2903411#,南投縣,南投縣埔里鎮鯉魚二巷20號,
4200,日月潭大飯店,049-2855151#,南投縣,南投縣魚池鄉水社村中山路419號,
4199,若瑟桃米民宿,049-2915133#,南投縣,南投縣埔里鎮桃米里桃米巷59號,
4198,今埔里大飯店,049-2422008#,南投縣,南投縣埔里鎮同聲里南興街79號,
4197,天廬育樂事業(股)公司-日月潭大淶閣飯店,049-2856688#,南投縣,南投縣魚池鄉水社村中山路101號,
4196,兩腳詩集綠活學旅,049-2762198#,南投縣,南投縣集集鎮552-41 八張里民權路326號,937768319
4195,天籟休閒民宿,-#,南投縣,南投縣埔里鎮桃米巷1-9號,917584740
4194,熊麋鹿了幸福手作民宿,049-2919797#,南投縣,南投縣埔里鎮桃米巷5之8號,952450226
5222,仁義湖岸大酒店有限公司,05-2769388#,嘉義縣,嘉義縣番路鄉內甕村後坑仔35號,937610271
5221,逢春園渡假別墅,03-9801942#,宜蘭縣,宜蘭縣大同鄉松羅村玉蘭20號,956321437
5220,水社海渡假民宿,049-2855899#,南投縣,南投縣魚池鄉水社村名勝街16號,
5219,帝后大飯店有限公司,07-5212211#,高雄市,高雄市鹽埕區大公路21號,
5098,台北北門窩泊旅,02-25525062#,臺北市,臺北市大同區太原路92巷2之1號,
5097,七星潭海灣民宿,03-8232470#,花蓮縣,花蓮縣新城鄉七星街79巷25號,913855333
5096,可倫巴民宿,049-2760666#,南投縣,南投縣集集鎮八張街46號,975696710
5095,台北西門窩青年旅館,02-23315100#,臺北市,臺北市萬華區漢中街42號8樓,
5094,悠花蓮民宿,03-8350212#,花蓮縣,花蓮縣花蓮市民德一街32號3樓,974191058
5093,日出峇里溫泉飯店股份有限公司,03-7941988#118,苗栗縣,苗栗縣泰安鄉錦水村橫龍山34號,921000868
4171,散步的雲-日月潭生態民宿,049-2861666#,南投縣,南投縣魚池鄉平和巷1之66號,905889166
4170,明軒曉民宿,-#,南投縣,南投縣魚池鄉大雁巷7之5號,989555599
4169,Look路殼民宿,049-2898001#,南投縣,南投縣魚池鄉大林村永川巷22-6號,
4168,籃城書房民宿,049-2913258#,南投縣,南投縣埔里鎮545籃城五巷4號,
4167,歐遊國際精品旅館-竹山館,049-2631133#,南投縣,南投縣竹山鎮益民路50號,
4166,杉林溪主題會館,049-2611217#,南投縣,南投縣竹山鎮557大鞍里溪山路6號,
4164,南投大飯店,049-2229161#,南投縣,南投縣南投市三和一路6號,
4163,木沐悠嵐溫泉會館,049-2988187#,南投縣,南投縣埔里鎮鯉魚路37-1號,
4293,湘泉民宿,-#,嘉義縣,嘉義縣竹崎鄉光華村1鄰9號,910837222
4292,歐都納山野渡假村,05-2521717#,嘉義縣,嘉義縣大埔鄉大埔村202號,
4291,龍雲山莊,05-2562216#,嘉義縣,嘉義縣竹崎鄉中和村18鄰石棹1號,
4290,向日葵汽車旅館,05-3625599#,嘉義縣,嘉義縣太保市縣府六街29號,
4289,阿里山青山別館,05-2679533#,嘉義縣,嘉義縣阿里山鄉中正村42號,
4288,阿本的家民宿,05-2501333#,嘉義縣,嘉義縣梅山鄉瑞里村2鄰105號,934076996
4287,松友休閒客家庄民宿,-#,嘉義縣,嘉義縣中埔鄉和興村 37鄰 公館 97-20號,966279534
4286,船仔頭天賞居,-#,嘉義縣,嘉義縣東石鄉蔦松村船仔頭13號,915112912
5092,淶滬文旅,02-26257333#,新北市,新北市淡水區中正東路一段3巷1號,
5090,安蘭居國際青年館有限公司,05-2290102#,嘉義市,嘉義市西區蘭井街465號14樓之1,973181936
5089,淡水嶘民宿,-#,新北市,新北市淡水區長興街31號,966553931
5088,傑仕堡有氧酒店,02-77273000#,新北市,新北市板橋區縣民大道2段275號,
5087,日日森旅一館,-#,彰化縣,彰化縣田尾鄉民族路一段185巷9號,933335751
5086,日日森旅二館,-#,彰化縣,彰化縣田尾鄉民族路一段185巷11號,933335751
5085,日日森旅三館,-#,彰化縣,彰化縣田尾鄉民族路一段185巷13號,933335751
5084,好日子,-#,彰化縣,彰化縣田尾鄉民族路二段173巷30弄18號,928922868
5083,玄武岩之美民宿,06-9221348#,澎湖縣,澎湖縣馬公市東文里1-13號,982121381
5082,楓采汽車旅館,04-25282686#,臺中市,臺中市豐原區永康路211巷25弄76號,
5081,君迪商旅,02-82213666#,新北市,新北市中和區和城路232號,930080462
5073,華園飯店草衙館,07-9560555#,高雄市,高雄市前鎮區中安路1號,
5072,康橋商旅-中山八德館,07-2883399#,高雄市,高雄市新興區中山一路289號,
5071,享沐時光,037-742878#,苗栗縣,苗栗縣苑裡鎮石鎮里錦山8-1、8-2號,
5070,綠意山莊民宿,037-747711#,苗栗縣,苗栗縣苑裡鎮蕉埔里8鄰蕉埔86之5號,
5069,揚昊民宿,037-747711#,苗栗縣,苗栗縣苑裡鎮蕉埔里8鄰蕉埔86之6號,
4241,福爾摩莎大飯店,05-5337636#,雲林縣,雲林縣斗六市大學路二段23號,
4240,丞豐休閒民宿,05-5811198#,雲林縣,雲林縣古坑鄉樟湖村石橋50號,
4239,幸福檜木屋民宿,05-5901818#,雲林縣,雲林縣古坑鄉桂林村桃源路1-38號,
4238,登豐米蘭商務旅店,05-6314778#,雲林縣,雲林縣虎尾鎮林森路二段57號,
4237,天秀山莊,05-5901978#,雲林縣,雲林縣古坑鄉華山村華山路19-6號,
4236,棕櫚島民宿,05-5829111#,雲林縣,雲林縣古坑鄉永光村光昌路1-9號,
4235,愛妮雅汽車旅館,05-7731800#,雲林縣,雲林縣北港鎮新西街16號,
4234,御花園商務汽車旅館(虎尾館),05-6338866#,雲林縣,雲林縣虎尾鎮東明路9號,
4233,風華渡假旅館,05-6366666#,雲林縣,雲林縣虎尾鎮平和路20-15號,
4232,華安大飯店,05-5361001#,雲林縣,雲林縣斗六市民生路156號9樓,
4223,暐順和選旅,03-5715888#2114,新竹市,新竹市東區大學路16號,966537717
4222,或者風旅,03-5220505#,新竹市,新竹市東區大同路175號,
4221,新竹老爺大酒店,03-5631122#,新竹市,新竹市東區光復路1段227號,
4220,新竹福華大飯店,03-5282323#,新竹市,新竹市東區中正路178號,
4219,煙波大飯店-都會一館,03-5427777#,新竹市,新竹市東區民生路177號,
4218,煙波大飯店-麗池館,03-5203188#,新竹市,新竹市東區明湖路773號,
4335,墾丁二手童話民宿,08-8862993#,屏東縣,屏東縣恆春鎮墾丁路和平巷77-3號,
4333,四重溪溫泉大旅社,08-8821925#,屏東縣,屏東縣車城鄉溫泉路玉泉巷4號,
4332,蘭心山莊民宿,08-8712951#,屏東縣,屏東縣枋寮鄉中正大路666-2號,
4331,寶島窯民宿,08-8880035#,屏東縣,屏東縣恆春鎮恆公路1179巷15號,
4330,摩菲特色民宿,08-8861236#,屏東縣,屏東縣恆春鎮墾丁路和平巷67號,
4329,亞維儂民宿,08-8880231#,屏東縣,屏東縣恆春鎮大埔路50號,
4328,上仁民宿,-#,屏東縣,屏東縣恆春鎮省北路二段93號,933623827
4395,琉夏萊旅店,08-8611133#,屏東縣,屏東縣琉球鄉民生路43-2號,
4394,海洋風情渡假旅館,08-8612617#,屏東縣,屏東縣琉球鄉本福村民生路73-1號,
4393,夏堤民宿,08-8611155#,屏東縣,屏東縣琉球鄉杉福村杉板路51巷2號,
4392,22旅店民宿,-#,屏東縣,屏東縣東港鎮東津里大成路22巷22號,958935355
4391,ZERO+旅宿,-#,屏東縣,屏東縣恆春鎮北門路174巷2號,978177786
4390,正好友生態環保旅店,-#,屏東縣,屏東縣琉球鄉本福村中山路153號,966729297
4389,禾田旅宿,-#,屏東縣,屏東縣東港鎮船頭里18鄰嘉新一街352號,913109869
4388,瑪瑪魯魯民宿,08-8863886#,屏東縣,屏東縣恆春鎮墾丁路和平巷65-1號,
4387,海灘戀情,08-8851151#,屏東縣,屏東縣恆春鎮船帆路852巷21號,
5068,馨藝庭園民宿,037-987558#,苗栗縣,苗栗縣西湖鄉高埔村大窩10之9號,932368267
5067,樂水軒民宿,049-2771666#,南投縣,南投縣水里鄉城安街73號,928364111
5066,承萬尊爵渡假酒店,049-2995757#,南投縣,南投縣埔里鎮樹人路131號,
5065,天月水色民宿,049-2850659#,南投縣,南投縣魚池鄉義勇街88號,933836757
5064,綠堡休閒民宿,049-2916656#,南投縣,南投縣埔里鎮水裡巷28號,933758676
5063,埔拾民宿,049-2420758#,南投縣,南投縣埔里鎮中心路45-16號,978057219
5062,琺何旅館有限公司,03-5610011#,新竹市,新竹市東區振興路109號,
5061,日玥居,082-311828#,金門縣,金門縣金寧鄉南山19號,987397327
5154,山峯民宿,05-5825721#,雲林縣,雲林縣古坑鄉荷苞村山峰路4之6號,934084625
5153,和逸飯店‧台北忠孝館,02-77253399#,臺北市,臺北市中正區忠孝東路一段31號,277253399
5152,和逸飯店‧台北民生館,02-77063399#,臺北市,臺北市中山區民生東路二段178號,277063399
5150,猴子漫步民宿,049-22911007#,南投縣,南投縣南投市八德路350號,922320822
5149,西港外婆家,-#,臺南市,臺南市西港區新興街8-113號,926616869
5159,町記憶旅店3館,02-23709930#,臺北市,臺北市萬華區昆明街142號2樓,971215710
5158,町記憶旅店,02-23709830#,臺北市,臺北市萬華區昆明街119號,
5156,驛棧民宿,05-5820299#,雲林縣,雲林縣古坑鄉永昌村光昌路218號,910594697
5155,台北人民宿,0961-318393#,連江縣,連江縣莒光鄉大坪村87號,961318393
3990,河那灣,03-3822340#,桃園市,桃園市復興區澤仁里3鄰溪口台41號,
3989,晚安旅店,03-4881077#,桃園市,桃園市楊梅區新農街6號7樓,
3988,城市商旅 桃園航空館,03-3853017#,桃園市,桃園市大園區中正東路442號,
3987,福容大飯店(桃園機場捷運A8),03-3285688#,桃園市,桃園市龜山區復興一路2號3~9樓,
3986,谷點咖啡民宿,03-3912415#,桃園市,桃園市復興區華陵里巴崚8鄰30號,
5148,趣遊赤崁,-#,臺南市,臺南市中西區民族路二段359巷8號,926616869
5147,海安轉角,-#,臺南市,臺南市中西區正德街20巷12號,926616869
5146,天下居汽車旅館,03-9289666#,宜蘭縣,宜蘭縣宜蘭市中山路五段105號,
5145,未艾公寓,06-2226696#,臺南市,臺南市中西區正興街77巷10號1樓,
4155,蘋果的家渡假別墅民宿,049-2760543#,南投縣,南投縣集集鎮八張里1鄰民權路272號,
4154,陶花巷弄民宿,-#,南投縣,南投縣集集鎮八張一街146號,979202181
4153,日月潭青年活動中心,049-2850070#,南投縣,南投縣魚池鄉日月村中正路101號,
4152,日月潭山慕藝旅,0921-010335#,南投縣,南投縣魚池鄉水社村中山路216號,921010335
4151,孟宗山莊股份有限公司,049-2612131#,南投縣,南投縣鹿谷鄉內湖村興產路3號,
4148,響水客棧,037-371605#,苗栗縣,苗栗縣公館鄉開礦村開礦193號,
4139,里京館民宿,037-825185#,苗栗縣,苗栗縣南庄鄉南江村9鄰33號,
4138,幸福綠光民宿,037-821751#,苗栗縣,苗栗縣南庄鄉南江村小東河17-3號,958625275
4137,紅磚屋特色民宿,037-824877#,苗栗縣,苗栗縣南庄鄉南江村9鄰里金館32-3號,
4136,百合山莊,037-825822#,苗栗縣,苗栗縣南庄鄉南江村17鄰50號,
4135,聚福居民宿,037-352961#,苗栗縣,苗栗縣公館鄉仁安村9鄰仁安118-2號,
4134,中華電信南庄會館,037-821249#,苗栗縣,苗栗縣南庄鄉中正路147-1號,
4133,楓葉地圖民宿,037-997299#,苗栗縣,苗栗縣大湖鄉東興村上湖70號,
4125,樹也民宿,037-881712#,苗栗縣,苗栗縣三義鄉龍騰村外庄27-1號,975002296
4124,慕哲哈比屋,037-872935#,苗栗縣,苗栗縣三義鄉廣盛村重河324之12號,
4123,仙山農園民宿,037-931661#,苗栗縣,苗栗縣獅潭鄉新店村小東勢1鄰19號,
4122,福田瓦舍,037-876156#,苗栗縣,苗栗縣三義鄉龍騰村1鄰龍騰26號,
4121,向陽田園,037-874028#,苗栗縣,苗栗縣三義鄉龍騰村龍騰9-5號,
4119,我的花園,037-229157#,苗栗縣,苗栗縣公館鄉館南村館南293-2號,
4118,逗號,037-823059#,苗栗縣,苗栗縣三義鄉南庄鄉南江村福南58號,
4110,南庄蔓森活民宿,037-825666#,苗栗縣,苗栗縣南庄鄉蓬萊村9鄰42份7-3號,
4109,景舍休閒山莊,037-822311#,苗栗縣,苗栗縣南庄鄉蓬萊村42份8-11號,
4108,南庄橄欖樹咖啡民宿,037-825825#,苗栗縣,苗栗縣南庄鄉蓬萊村9鄰42份7-6號,
4107,香格里拉樂園-桐花山莊,037-561369#,苗栗縣,苗栗縣造橋鄉豐湖村1鄰乳姑山15-3號,
4106,達拉灣民宿,-#,苗栗縣,苗栗縣泰安鄉士林村5鄰馬那鄻-1號,921331146
4105,長屋民宿,037-783535#,苗栗縣,苗栗縣通霄鎮福興里88-8號,
4104,藝術家莊園民宿,-#,苗栗縣,苗栗縣西湖鄉高埔村大窩10-11號,917165563
4103,我的家51-6民宿,037-230070#,苗栗縣,苗栗縣公館鄉福星村2鄰51-6號,
4380,芯緣閣旅店,-#,屏東縣,屏東縣新園鄉仙吉路152-4號,933688336
4379,夏之嶼民宿,-#,屏東縣,屏東縣琉球鄉漁福村三民路42-2號,978771337
4378,貝殼沙民宿,08-8613050#,屏東縣,屏東縣琉球鄉中福村4鄰三民路221-2號,
4376,柏之園民宿,08-8612601#,屏東縣,屏東縣琉球鄉中山路61-23號,
4375,墾丁禾金豐旅店,-#,屏東縣,屏東縣恆春鎮中正路232巷147弄26號,929299939
4374,芳鄰民宿,-#,屏東縣,屏東縣東港鎮船頭里18鄰嘉新路160.162號,988610213
4373,留下旅舍,08-8336586#,屏東縣,屏東縣東港鎮船頭里3鄰船頭路24-78號,
4372,發現號特色民宿,08-8750300#,屏東縣,屏東縣林邊鄉崎峰村裕後路90號,
4371,遇見幸福地民宿,-#,屏東縣,屏東縣東港鎮東津里3鄰船頭路24-70號,919209016
5059,西湖柚子家民宿,037-922531#,苗栗縣,苗栗縣西湖鄉湖東村8鄰埔頂9-45號,976446751
5058,飛日月漫旅,049-2855289#,南投縣,南投縣魚池鄉水社村中山路145號,965593350
5057,旅悅國際青年旅館,07-3359006#,高雄市,高雄市前鎮區三多三路211號3樓,975928000
5056,美真館民宿,-#,南投縣,南投縣魚池鄉水社村中興路29號,922203830
5055,桂田酒店,06-2438999#,臺南市,臺南市永康區永安一街99號,925003256
5054,巧居民宿,082-373018#,金門縣,金門縣金城鎮前水頭13號,975396312
5053,和風民宿,037-233498#,苗栗縣,苗栗縣公館鄉仁安村6鄰100之17號,
5052,逐鹿森林民宿,049-2850089#,南投縣,南投縣魚池鄉日月村水秀街56號,
5051,沛青‧日旅民宿,049-2850495#,南投縣,南投縣魚池鄉日月村水秀街20號,
4440,大武山休閒農場,08-7920332#,屏東縣,屏東縣泰武鄉921武潭村七鄰老潭巷40號,
4439,新芽民宿,-#,屏東縣,屏東縣恆春鎮946福德路21號,926684801
4438,日安寶貝民宿,08-8867565#,屏東縣,屏東縣恆春鎮大光里砂尾路71-3號,
4437,沐雨鍾林靜心民宿,-#,屏東縣,屏東縣潮州鎮潮義路465巷52號,988958560
4435,依水園中式花園民宿,-#,屏東縣,屏東縣麟洛鄉田中村1鄰中正路永安巷6號,913123887
4434,樹屋民宿,08-7021089#,屏東縣,屏東縣鹽埔鄉907完成路16號,
4433,潮州奇遇旅宿,-#,屏東縣,屏東縣潮州鎮新生里太平路11-3號,931038996
4432,裴亞士鄉村民宿,08-7815054#,屏東縣,屏東縣萬巒鄉民和路180號,
4934,丘丘．森旅,03-8772929#,花蓮縣,花蓮縣鳳林鎮永豐路6號,
4933,正記製茶所民宿,05-2561552#,嘉義縣,嘉義縣阿里山鄉樂野村一鄰一號,975209333
4932,山鄰山林青年文旅,03-8887228#,花蓮縣,花蓮縣玉里鎮大同路228號,965609118
4931,幸福旅行舍,089-383555#,臺東縣,臺東縣卑南鄉太平路630巷45弄12號,981383555
4930,埔里西站商務旅舘,049-2992888#,南投縣,南投縣埔里鎮仁愛路41號,
4929,尊爵民宿,082-332477#,金門縣,金門縣金湖鎮新湖里塔後47-8號,932757933
4305,中華電信阿里山會館,05-2441443#,嘉義縣,嘉義縣阿里山鄉中正村58號,
4304,當歸民宿,05-2586841#,嘉義縣,嘉義縣番路鄉公田村2鄰龍頭18-4號,
4303,蟀哥農家民宿,05-3781234#,嘉義縣,嘉義縣六腳鄉六腳村10號,
4302,長榮文苑酒店,05-3669988#,嘉義縣,嘉義縣太保市故宮大道777號,
4301,山海大飯店股份有限公司,05-3709399#,嘉義縣,嘉義縣朴子市大?榔1020號,
4300,阿漢的家,-#,嘉義縣,嘉義縣梅山鄉瑞里村79號,932981526
5192,台中豐邑慕奇夕酒店 Moxy Taichung,04-36007000#,臺中市,臺中市南屯區文心南六路288號,
5191,六合宿旅店,07-2888199#,高雄市,高雄市新興區六合二路10號12樓,906758199
4277,梅園樓觀景飯店,05-2586282#,嘉義縣,嘉義縣番路鄉公田村龍頭19-5及19-6號,
4276,白紫茶香居民宿,-#,嘉義縣,嘉義縣阿里山鄉達邦村2鄰達邦35號,928776589
4275,嘉義富野渡假酒店,05-2721688#,嘉義縣,嘉義縣民雄鄉升學一街19號,
4274,棒棒積木飯店(親子館),05-3623223#,嘉義縣,嘉義縣太保市東勢里故宮大道809-1號,
4273,雅瑪家民宿,05-2586905#,嘉義縣,嘉義縣番路鄉公興村一鄰龍美4之9號,
4272,棒棒積木飯店(積木館),05-3623223#,嘉義縣,嘉義縣太保市東勢里太子大道223號,
5178,打個蛋海旅民宿,089-772056#,臺東縣,臺東縣太麻里鄉四鄰129號,973335273
5177,環山雅築民宿,089-782898#,臺東縣,臺東縣太麻里鄉大王村佳崙路292號,931377937
5176,金站溫泉民宿,089-771289#,臺東縣,臺東縣太麻里鄉金崙村金崙127之1號,921246507
5175,線織屋民宿,0912-700058#,臺東縣,臺東縣太麻里鄉金崙村1鄰7號,912700058
5174,棧貳沐居,07-5317568#,高雄市,高雄市鼓山區蓬萊路17號2F,
5173,沐亞親子童樂島,-#,臺南市,臺南市安平區同平路156巷5號,907672722
5172,新竹喜來登大飯店,03-6206000#,新竹縣,新竹縣竹北市光明六路東一段265號,
5190,靉嗨文旅站前館,07-2850077#,高雄市,高雄市新興區六合二路10號7樓,982490077
5189,餘光-暮,06-3911299#,臺南市,臺南市安平區漁光路119巷9號,900628226
5188,承攜行旅新竹中央館,03-5212323#273,新竹市,"新竹市東區中央路106號B2,1樓,8-15樓",
5183,HOTEL BEGINS,02-24696777#898,基隆市,基隆市中正區北寧路441巷51號,958935088
5182,好室民宿,-#,臺東縣,臺東縣台東市中正路251巷9號,932227333
5181,LA VIDA Hotel 豐邑逢甲商旅,04-24517722#,臺中市,臺中市西屯區西屯路二段275-2號,
5180,艾希兒民宿,0965-155188#,臺東縣,臺東縣台東市安和路101巷1號,965155188
5179,小古堡民宿,089-227922#,臺東縣,臺東縣台東市興安路一段167號,910633944
5171,大坑休閒農場,06-5941555#,臺南市,臺南市新化區大坑里82號,935936832
5170,牧時光旅宿,-#,臺南市,臺南市柳營區士林里13鄰育英街7巷3號,931775232
5169,阿里山賓館(現代館),05-2679811#,嘉義縣,嘉義縣阿里山鄉香林村16-1號,
5168,月光山林,07-6772586#,高雄市,高雄市杉林區桐竹路209號,912778192
5167,詹德仁茶園民宿,05-2501021#,嘉義縣,嘉義縣梅山鄉瑞里村3鄰幼葉林75號,919314830
5080,來七桃旅店,06-2221766#,臺南市,臺南市中西區西門路二段372巷6號,926116146
5079,成功古巷,-#,臺南市,臺南市北區佑民街14號,979378007
5078,水灣灣民宿,-#,澎湖縣,澎湖縣馬公市西衛里83-39號,988202195
5077,赤樓古巷,09-68377007#,臺南市,臺南市中西區民族路二段317巷18號,968377007
5076,樹舍,-#,臺南市,臺南市中西區開山路84巷34號,926616869
5075,樸宿庭園民宿,-#,南投縣,南投縣鹿谷鄉鳳凰村仁義路仁德巷26號,921587376
5074,沅居精品民宿,049-2856718#,南投縣,南投縣魚池鄉水社村中山路208號,965339718
5166,勝利131民宿,08-7320099#,屏東縣,屏東縣屏東市勝利路131號,
5165,勝利127民宿,08-7320099#,屏東縣,屏東縣屏東市勝利路127號,
5164,大地國際酒店股份有限公司,02-55518888#,臺北市,臺北市北投區奇岩路1號,
5163,藍鷺鷥民宿,-#,屏東縣,屏東縣東港鎮大東路322號,928355350
4094,翡翠金鑽民宿,-#,苗栗縣,苗栗縣竹南鎮大埔里1鄰大埔街131號,912676803
4093,橘子民宿,-#,苗栗縣,苗栗縣竹南鎮竹南里7鄰民治街12號,913736622
4092,酵法自然民宿,-#,苗栗縣,苗栗縣後龍鎮溪洲里14鄰溪洲137之6號,912486368
4091,三義幸福小築民宿,-#,苗栗縣,苗栗縣三義鄉廣盛村40鄰八股路館前5巷1-7號,982104836
4090,山房子民宿,-#,苗栗縣,苗栗縣南庄鄉南江村10鄰石坑18之8號,933969573
4089,眉山居咖啡民宿,037-821353#,苗栗縣,苗栗縣南庄鄉田美村6鄰106號,
4088,水頭人家,037-992990#,苗栗縣,苗栗縣大湖鄉大寮村水頭寮14-8號,
4087,春谷農場,037-821892#,苗栗縣,苗栗縣南庄鄉南江村小東河25號,
4086,湯唯民宿,037-941885#,苗栗縣,苗栗縣泰安鄉錦水村橫龍山72-2號,
4078,金龍大旅社,037-722315#,苗栗縣,苗栗縣後龍鎮中山街88-11號,
4077,王府大飯店,037-273055#,苗栗縣,苗栗縣苗栗市苗栗市北苗里1鄰為公路二東巷3號,
4076,綠庭商務旅館,037-358789#,苗栗縣,苗栗縣苗栗市苗栗市中正路462號5樓,
4075,好望角民宿,-#,苗栗縣,苗栗縣通霄鎮通霄鎮福興里126-3號(苗48線旁),921372321
4074,欣園民宿,-#,苗栗縣,苗栗縣通霄鎮內島里2鄰16之7號,938566578
4073,福村養生農園,037-220675#,苗栗縣,苗栗縣公館鄉福德村1鄰7-1號,
4072,翠松苑民宿,037-783357#,苗栗縣,苗栗縣通霄鎮南和里127號,
4071,雲也居一(雲洞仙居)民宿休閒農場,037-951530#,苗栗縣,苗栗縣大湖鄉栗林村9鄰羌麻園6號,
3793,馥都飯店,02-29658000#,新北市,新北市板橋區縣民大道一段189號,
3792,上品閣精品旅館,02-29810111#,新北市,新北市三重區三和路3段115號,
3791,白金花園酒店,02-86665888#,新北市,新北市新店區安興路77號,
3790,利未莊園民宿,02-24961658#,新北市,新北市瑞芳區金瓜石山尖路97號,
3789,金山海灣溫泉會館,02-24980007#,新北市,新北市金山區磺港路326號,
3788,海霞您的家 Aodiwu Homestay(Hai-Xia),-#,新北市,新北市貢寮區仁愛路38號,935204895
3787,中華電信金山會館,02-24244304#,新北市,新北市金山區金包里街1號,928977165
3786,三峽阿桂的家,02-26720982#,新北市,新北市三峽區金圳里金敏52-1號,921157971
3822,樹屋137,02-24962675#,新北市,新北市瑞芳區金瓜石山尖路137號,910211846
3821,雲山水小築,-#,新北市,新北市瑞芳區金瓜石山尖路72-1號,919131846
3820,將捷金鬱金香酒店,02-26210333#,新北市,新北市淡水區中正路一段2-1號,
3819,翰品酒店新莊,02-29987699#,新北市,新北市新莊區中正路82號,
3818,福容大飯店 台北二館,02-26620088#,新北市,新北市深坑區北深路三段236號,
3817,驛德世紀酒店,02-29086888#,新北市,新北市新莊區後港一路169號,
3816,雙臻園民宿,02-24934698#,新北市,新北市雙溪區泰和街53之1號,
4871,勝國大飯店股份有限公司,06-9273891#,澎湖縣,澎湖縣馬公市水源路2-12號,
4870,中華電信澎湖會館,06-9440588#,澎湖縣,澎湖縣馬公市信義路3號,
4869,澎湖海水正藍民宿,06-9221928#,澎湖縣,澎湖縣湖西鄉成功村8-7號,
4868,海灣灣民宿,06-9265547#,澎湖縣,澎湖縣馬公市西衛里83-56號,
4867,海旅巢民宿,06-9263539#,澎湖縣,澎湖縣馬公市西衛里83-51號,
4866,海之徑民宿,06-9277183#,澎湖縣,澎湖縣馬公市西衛里83-52號,
4865,和田大飯店,06-9263936#,澎湖縣,澎湖縣馬公市民權路2號,
4864,澎湖風鳶民宿,06-9952637#,澎湖縣,澎湖縣馬公市五德里155號,
4857,小窩窩民宿,-#,澎湖縣,澎湖縣湖西鄉城北村75號,983775250
4856,珊瑚棲民宿,06-9278357#,澎湖縣,澎湖縣馬公市光榮街87號,
4855,豐谷大飯店有限公司,06-9263511#,澎湖縣,澎湖縣馬公市民福路2號,
4854,豐家大飯店有限公司,06-9278181#,澎湖縣,澎湖縣馬公市同和路2號,
4853,豐國大飯店有限公司,06-9273801#,澎湖縣,澎湖縣馬公市仁愛路12號,
4852,雅霖大飯店有限公司,06-9261366#,澎湖縣,澎湖縣馬公市同和路100號,
4851,元泰大飯店,06-9211111#,澎湖縣,澎湖縣馬公市新店路477號,
5044,望雲の家民宿,-#,新竹縣,新竹縣橫山鄉力行村中山街一段83號,933877112
5043,阿信的家,-#,彰化縣,彰化縣社頭鄉水井巷2-7號,963009775
5042,新竹伊普索酒店,03-5169308#,新竹市,新竹市公道五路2段111號,
5041,路境行旅 花蓮大同館,03-8353366#,花蓮縣,花蓮縣花蓮市大同街29號,
5040,惠來谷關溫泉會館,04-25951998#621,臺中市,臺中市和平區東關路一段溫泉巷十號,933530850
5038,海島之憩民宿,-#,澎湖縣,澎湖縣馬公市安宅里宅脚嶼165號,910108081
5050,FRIDAY 民宿,049-2850128#,南投縣,南投縣魚池鄉日月村義勇街111號,
5049,和逸飯店 台南西門館,06-7026699#,臺南市,臺南市中西區西門路一段658之2號,903938369
5048,草山境,-#,苗栗縣,苗栗縣公館鄉開礦村2鄰開礦26-10號,933533195
5047,高雄富野渡假酒店,07-8211051#7123,高雄市,高雄市前鎮區瑞田街99號,929191946
5046,山水屋民宿,03-5802888#,新竹縣,新竹縣北埔鄉南坑村9鄰大南坑7-7號,
5045,塵外,03-5933182#,新竹縣,新竹縣橫山鄉豐鄉村3鄰大山背37-1號,
4536,石頭的家民宿,03-8423755#,花蓮縣,花蓮縣吉安鄉南濱路一段251巷26號,
4535,牛轉乾坤民宿,-#,花蓮縣,花蓮縣花蓮市榮正街78巷20號,978015876
4534,發現民宿,03-8352141#,花蓮縣,花蓮縣花蓮市國聯2路105號,
4533,煙波花蓮太魯閣,03-8612000#,花蓮縣,花蓮縣新城鄉草林10-6,
4532,F HOTEL花蓮站前館,03-8325589#,花蓮縣,花蓮縣花蓮市國盛二街203-1號,
4531,楓之宿民宿,-#,花蓮縣,花蓮縣花蓮市國民12街32號,928876199
4530,小松鼠民宿,-#,花蓮縣,花蓮縣花蓮市國聯2路117號,975179260
4573,鳥鳴民宿,02-82827722#,花蓮縣,花蓮縣壽豐鄉仁愛街8-7號2樓,937038783
4572,戀戀豐田民宿,02-82827722#,花蓮縣,花蓮縣壽豐鄉仁愛街8號2樓,
4571,低調民宿,-#,花蓮縣,花蓮縣富里鄉竹田村10鄰富田81-2號,933766153
4570,金澤居優質民宿,-#,花蓮縣,花蓮縣吉安鄉干城鄉干城村二街121號,921911299
4569,呼吸民宿,-#,花蓮縣,花蓮縣吉安鄉吉祥三街22-2號,932654870
4568,七里香花園民宿,-#,花蓮縣,花蓮縣吉安鄉吉安鄉吉祥三街11號,978228256
4567,漫遊舍民宿,03-8359623#,花蓮縣,花蓮縣花蓮市國聯二路82-1號,
4599,緣羊軒民宿,-#,臺東縣,臺東縣台東市台東市南一街96號,930133763
4598,蕃茄咖啡民宿,-#,臺東縣,臺東縣台東市台東市志航路一段412巷26弄1號,911992029
4597,花見幸福民宿,-#,花蓮縣,花蓮縣吉安鄉慶豐村中山路3段851號,936168851
4596,櫻田野民宿,03-8538889#,花蓮縣,花蓮縣吉安鄉福興七街8號,
4595,花蓮五指山建林民宿,03-8323332#,花蓮縣,花蓮縣花蓮市建林街53號,
4594,晨風星語民宿,03-8536697#,花蓮縣,花蓮縣吉安鄉干城二街207巷28號,
4593,柚子之家和平民宿,03-8311345#,花蓮縣,花蓮縣花蓮市和平路613號,
4511,石梯33號民宿,03-8781733#,花蓮縣,花蓮縣豐濱鄉港口村石梯坪33號,
4510,藍色珊瑚礁民宿,03-8781778#,花蓮縣,花蓮縣豐濱鄉靜浦村三富橋58號,
4509,卡好民宿,-#,花蓮縣,花蓮縣吉安鄉南埔十六街51巷6號,933996320
4508,綠奇跡田野民宿,03-8532337#,花蓮縣,花蓮縣吉安鄉仁安村6鄰南海二街13號,
4507,繆斯民宿,03-8310488#,花蓮縣,花蓮縣花蓮市林政街88巷29號,
4506,怡然居攝影風格民宿,-#,花蓮縣,花蓮縣花蓮市建德街50號,931135808
4505,阿思瑪麗景大飯店,03-8329555#,花蓮縣,花蓮縣花蓮市博愛街68號,
4504,怡園實業股份有限公司,03-8651166#,花蓮縣,花蓮縣壽豐鄉豐坪路三段6巷21號,
4524,193線花園民宿,03-8534197#,花蓮縣,花蓮縣吉安鄉南濱路一段36號,
4523,漫旅民宿,-#,花蓮縣,花蓮縣花蓮市中原路656號,988866513
4522,花蓮遠雄悅來大飯店,03-8123999#1910,花蓮縣,花蓮縣壽豐鄉鹽寮村山嶺18號,
4521,幸福之旅民宿,-#,花蓮縣,花蓮縣花蓮市國富12街10號,925522333
4520,街角民宿,03-8575118#,花蓮縣,花蓮縣花蓮市中山路560號,
4519,亞美民宿,03-8565956#,花蓮縣,花蓮縣花蓮市莊敬路269號,
4518,莫內花園民宿,03-8642243#,花蓮縣,花蓮縣壽豐鄉池南村池南路1段3-2號,
4549,海蒂斯民宿,-#,花蓮縣,花蓮縣吉安鄉東海15街80巷19弄40號,981855566
4548,伊島民宿,03-8337898#,花蓮縣,花蓮縣花蓮市中山路619號,
4547,楓樺民宿,-#,花蓮縣,花蓮縣花蓮市中福路205號,927618248
4546,葛洛莉亞的城堡民宿,03-8581158#,花蓮縣,花蓮縣花蓮市富裕6街20號,
4545,芳草古樹花園民宿,03-8760437#,花蓮縣,花蓮縣鳳林鎮中和路71號,
4544,麗都小築民宿,03-8232516#,花蓮縣,花蓮縣花蓮市府前路340號,
4543,牛山呼庭,03-8601400#,花蓮縣,花蓮縣壽豐鄉水璉村牛山39-5號,
4484,好趣淘休閒民宿,-#,花蓮縣,花蓮縣花蓮市富裕11街77號,985934898
4483,穎居花蓮民宿,-#,花蓮縣,花蓮縣花蓮市富裕11街75號,939011075
4482,花漾村聲民宿,-#,花蓮縣,花蓮縣花蓮市林政街53號,975779677
4480,喜歡農莊民宿,-#,花蓮縣,花蓮縣吉安鄉廣賢路1段219號,920309568
4479,倆呆民宿,03-8656858#,花蓮縣,花蓮縣壽豐鄉豐山村和平街21號,
4478,芬奇斯親子民宿,-#,花蓮縣,花蓮縣花蓮市中原路535號,966567537
4471,奇雅居民宿,-#,花蓮縣,花蓮縣吉安鄉吉昌2街246巷10號,911277633
4470,小和農村民宿,03-8662363#,花蓮縣,花蓮縣壽豐鄉和平村和平2街126-2號,
4469,歡樂堡民宿,03-8323102#,花蓮縣,花蓮縣花蓮市中強街102號2樓,
4468,花蓮雲朵朵民宿,-#,花蓮縣,花蓮縣吉安鄉南海8街169號,905298169
4467,翠山莊民宿,03-8522290#,花蓮縣,花蓮縣吉安鄉干城村干城3街91巷26號,
4466,女王萬歲民宿,03-8332279#,花蓮縣,花蓮縣花蓮市國民8街111號,975966327
4465,愛上巴黎民宿,03-8339090#,花蓮縣,花蓮縣花蓮市中華路242號,
5037,月牙灣民宿,08-8613777#,屏東縣,屏東縣琉球鄉杉板路69號,972928335
5036,礁溪山形閣溫泉飯店,03-9888223#,宜蘭縣,宜蘭縣礁溪鄉中山路二段187號,
3934,二月花民宿,03-9510567#,宜蘭縣,宜蘭縣冬山鄉梅花路567號,
3933,兆品酒店礁溪,03-9882828#,宜蘭縣,宜蘭縣礁溪鄉仁愛路48巷18弄1號,
3932,在水一方民宿,-#,宜蘭縣,宜蘭縣冬山鄉丸山一路277巷8弄12號,960810378
3931,老公老婆友善民宿,03-9519013#,宜蘭縣,宜蘭縣冬山鄉柯林村境安路345號,912299335
3930,羅東木棉會館,03-9509995#,宜蘭縣,宜蘭縣羅東鎮富農路三段150巷32號,
3929,幸福柚子鄉村民宿,03-9581574#,宜蘭縣,宜蘭縣冬山鄉中山六路96號,
3888,上萊茵莊園,-#,宜蘭縣,宜蘭縣壯圍鄉大幅路二段256巷70弄31號,919305853
3887,礁溪九號股份有限公司,03-9889999#,宜蘭縣,宜蘭縣礁溪鄉溫泉路85號,
3886,蘭陽101會館,03-9509995#,宜蘭縣,宜蘭縣羅東鎮富農路三段150巷28號,
3885,咕嘰咕嘰庭園會館民宿,03-9509995#,宜蘭縣,宜蘭縣羅東鎮富農路三段150巷30號,
3884,泰雅山莊景觀渡假民宿,03-9801858#,宜蘭縣,宜蘭縣大同鄉崙埤村崙埤12-1號,
3883,紫楝森林民宿,-#,宜蘭縣,宜蘭縣三星鄉行健二路一段50號,928076466
3882,月亮的家民宿,-#,宜蘭縣,宜蘭縣三星鄉大埔中路265巷6弄17號,916395149
5035,海洋魚樂民宿,06-9262369#,澎湖縣,澎湖縣馬公市西衛里369號,961315916
5034,淳夏文旅民宿,-#,澎湖縣,澎湖縣馬公市西衛里367號,975112123
5033,福容大飯店 花蓮,03-8239988#,花蓮縣,花蓮縣花蓮市民生路51號,
5032,籃城枕書眠民宿,049-2913258#,南投縣,南投縣埔里鎮籃城五巷4之1號,906630854
5031,瑞穗伍壹民宿,-#,花蓮縣,花蓮縣瑞穗鄉瑞美村中興路51號,912481566
5030,同合農科商務會館,08-7626866#,屏東縣,屏東縣長治鄉德和村研發一路5號,982146365
5029,角落民宿,06-9269509#,澎湖縣,澎湖縣馬公市西衛里223-3號,988089913
5028,新百香民宿(南洋62之森),037-821850#,苗栗縣,苗栗縣南庄鄉南江村14鄰小東河23之5號,
5027,百成民宿,037-821850#,苗栗縣,苗栗縣南庄鄉南江村14鄰小東河23之2號,
5026,H會館,08-8771888#,屏東縣,屏東縣獅子鄉竹坑村竹坑巷60號,
5025,明通行商旅,04-22265601#9,臺中市,臺中市中區平等街24號,911423493
5024,聽見蝸牛民宿,-#,花蓮縣,花蓮縣壽豐鄉豐坪路三段1411巷165弄16號,989226348
5023,町草休行館,03-3834683#,桃園市,桃園市大園區航站南路9號南側號5樓,910836649
5022,高雄福華大飯店,07-2362323#,高雄市,高雄市新興區七賢一路311號,910277337
5021,依默民宿,049-2803635#,南投縣,南投縣仁愛鄉大同村榮光巷35之2號,917671636
5019,瑞穗天合國際觀光酒店,03-8876000#,花蓮縣,花蓮縣瑞穗鄉溫泉路二段368號,
5018,慢活民宿,-#,澎湖縣,澎湖縣馬公市西衛里223-2號,913529293
5017,築夢民宿,03-5949177#,新竹縣,新竹縣竹東鎮瑞峰里2鄰26號,
5016,老農夫山莊民宿,03-5949192#,新竹縣,新竹縣竹東鎮瑞峰里2鄰25之2號,
5015,陌懷宿,-#,桃園市,桃園市復興區華陵里10鄰巴崚135之6號,981248693
5014,傳客莊,03-5811599#,新竹縣,新竹縣橫山鄉沙坑村16鄰中豐路三段140號,927268999
5007,八分田農舍,03-9893227#,宜蘭縣,宜蘭縣三星鄉楓林一路227號,988137721
5004,台南大飯店,06-2289101#,臺南市,臺南市中西區成功路一號,
5003,尊爵天際大飯店,03-2121001#,桃園市,桃園市蘆竹區南崁路一段108號,
5002,蔚藍海民宿,06-9217789#,澎湖縣,澎湖縣馬公市東衛里3-3號,987081912
5001,承億酒店,07-3333999#,高雄市,高雄市前鎮區林森四路189號,
4497,中華電信壽豐會館,03-8344043#,花蓮縣,花蓮縣壽豐鄉壽豐路1段109號,
4496,吉美民宿,03-8522225#,花蓮縣,花蓮縣吉安鄉民治路436號,
4495,兒路民宿,-#,花蓮縣,花蓮縣吉安鄉中山路三段21號,930887010
4494,花蓮五指山信義民宿,03-8325512#,花蓮縣,花蓮縣花蓮市信義街39-1號,
4493,旅人之宿民宿,-#,花蓮縣,花蓮縣花蓮市建中街56號,978618833
4492,愛戀鄉村風民宿,-#,花蓮縣,花蓮縣花蓮市富陽路43號,937608533
4491,馨晴民宿,-#,花蓮縣,花蓮縣吉安鄉吉安村吉昌2街250號,953622955
5012,尊爵大飯店,03-3169900#,桃園市,桃園市桃園區莊敬路一段300號,
5010,亞馨文創休閒旅館,03-8333815#,花蓮縣,花蓮縣花蓮市中正路336巷1弄1號,920277633
5009,樂夏19民宿,-#,宜蘭縣,宜蘭縣羅東鎮中山路一段87巷19號,963032886
4765,瓊林100號民宿,-#,金門縣,金門縣金湖鎮瓊林里100號,928840225
4764,珠山28號民宿(落番居),-#,金門縣,金門縣金城鎮珠山28號,931324786
4763,北山171號民宿(北山洋玩藝),082-320879#,金門縣,金門縣金寧鄉北山171號,
4762,林厝3號民宿(龍門客棧),-#,金門縣,金門縣金寧鄉古寧村林厝3號,911700460
4761,北山23-3號民宿(雙鯉湖畔番仔樓),-#,金門縣,金門縣金寧鄉北山23-3號,939725883
4760,南山5-6號民宿(湖畔江南),-#,金門縣,金門縣金寧鄉南山5-6號,939725883
4759,金門夢享家民宿,082-334700#,金門縣,金門縣金湖鎮林兜69號,
4758,阿鑫民宿,-#,金門縣,金門縣金寧鄉湖埔村埔後77號,953355510
4757,蛋寶親子民宿,082-316272#,金門縣,金門縣金城鎮珠浦南路32-1號,
4756,南山80號民宿(金八古厝),082-322008#,金門縣,金門縣金寧鄉南山80號,
3660,緣憩手做背包客棧,-#,臺南市,臺南市中西區中正路70號,986127777
3659,贊美酒店,06-5838383#6630,臺南市,臺南市善化區成功路252號,
3658,莉莉安民宿,-#,臺南市,臺南市安平區世平一街8巷4號,953261251
3657,旅幸福啤酒花,06-2229888#,臺南市,臺南市中西區中正路349號,
3656,歐嬉客棧,-#,臺南市,臺南市中西區新美街197號,988468880
3655,首相大飯店,06-2252141#,臺南市,臺南市北區公園路128號,
4999,璞園民宿,03-9302813#,宜蘭縣,宜蘭縣壯圍鄉永美路二段61巷120號,933923899
4998,而雨,09-10115655#,金門縣,金門縣金湖鎮小徑10號,910115655
4997,山春花繪本古厝民宿,09-10115655#,金門縣,金門縣金湖鎮小徑29號,910115655
4996,山春花,09-10115655#,金門縣,金門縣金湖鎮小徑28號,910115655
4995,樂山水靜旅館OrigInn,02-25588843#,臺北市,臺北市大同區南京西路247號,
4994,旅樂序精品旅館五館,02-23756777#,臺北市,臺北市中正區重慶南路一段20號,
4993,旅樂序精品旅館一館,02-23832727#,臺北市,臺北市中正區館前路8號11樓,
4992,旅樂序精品旅館站前三館,02-23758333#,臺北市,臺北市中正區懷寧街34號,
4991,旅樂序精品旅館二館,02-23757555#,臺北市,臺北市中正區漢口街一段15號,961523512
4990,頌華私墅陸區民宿,06-9212953#,澎湖縣,澎湖縣湖西鄉許家村港子尾120號,905318066
4989,愛馨會館,089-228288#,臺東縣,臺東縣台東市中興路一段110號,928542052
4988,找茶複合式民宿,0836-88009#,連江縣,連江縣莒光鄉大坪村30號,985009664
4987,爸爸萬歲民宿,-#,花蓮縣,花蓮縣花蓮市延平街68巷27號,900757520
4986,168motel中壢2館,03-4276333#,桃園市,桃園市中壢區中美路二段160號,937712568
4985,桂林商務旅館,03-3116799#,桃園市,桃園市蘆竹區桃園街106號,
4984,郵系空間民宿,-#,嘉義縣,嘉義縣竹崎鄉和平村田寮63號,966556935
4983,宏瑞民宿,-#,連江縣,連江縣北竿鄉塘岐村146號,921535305
4982,小玖窩民宿,-#,連江縣,連江縣北竿鄉芹壁村42號,921535305
4981,園外,-#,宜蘭縣,宜蘭縣五結鄉親河路二段103巷3弄3號,932907061
4980,小舅媽民宿,-#,連江縣,連江縣南竿鄉珠螺村28-1號,905370171
4979,大包的家民宿,-#,連江縣,連江縣北竿鄉塘岐村267-3號,928037104
4978,壁雲天民宿,-#,連江縣,連江縣北竿鄉塘岐村254號,928037104
4977,中華典藏商旅,089-322369#,臺東縣,臺東縣台東市中華路一段420號,937339369
4976,集集鐵道行旅-寶藝村,049-2761722#,南投縣,南投縣集集鎮市前街37號,980183772
4975,白日夢花園海景民宿,-#,連江縣,連江縣南竿鄉福沃村51號,978988303
4974,家適咖啡民宿3館,0836-56669#,連江縣,連江縣北竿鄉芹壁村60號,928662740
4973,家適咖啡民宿２館,0836-56669#,連江縣,連江縣北竿鄉塘岐村59號,928662740
4972,家適咖啡民宿,0836-56669#,連江縣,連江縣北竿鄉芹壁村51號,928662740
4971,好日子民宿－南竿,-#,連江縣,連江縣南竿鄉馬祖村113-1號,965310196
4970,美侖商旅,02-25313535#,臺北市,臺北市中山區吉林路49號,
4969,假期旅店,0836-25515#,連江縣,連江縣南竿鄉福澳村96號,932204287
4968,玖伍小築,0836-23645#,連江縣,連江縣南竿鄉介壽村95號,921730793
4967,星海芝家民宿,0836-25701#,連江縣,連江縣南竿鄉介壽村213號,911902623
4966,泡泡森林,08-9382378#,臺東縣,臺東縣台東市南一街40號,986866545
4965,東引海角民宿二館,-#,連江縣,連江縣東引鄉中柳村138號,928267242
4964,金門古城民宿,082-324795#,金門縣,金門縣金城鎮金門城17之1號,975390843
4963,里夏民宿,08-8866179#,屏東縣,屏東縣恆春鎮大光路118-6號,901018228
4962,圈圈宿,0908-368110#,臺中市,臺中市龍井區新興路25巷2弄22號,908368110
4961,老爺大酒店股份有限公司,02-25423266#,臺北市,臺北市中山區中山北路2段37-1號,
4959,大湖璞旅,02-26338555#,臺北市,臺北市內湖區成功路五段462號,
4958,精彩奇寓,-#,花蓮縣,花蓮縣花蓮市國盛二街96號,912520130
4957,葉綠宿 川閱,04-22231789#,臺中市,臺中市中區綠川西街123號,968489955
4956,山岳民宿,0978-177786#,屏東縣,屏東縣恆春鎮北門路174巷2-1號,978177786
4955,台東富野渡假酒店,089-350666#,臺東縣,臺東縣台東市復興路38號,930980233
3700,信宗大飯店,07-2159155#,高雄市,高雄市三民區建國三路487號,
3699,松柏林民宿,07-6891010#,高雄市,高雄市六龜區興龍里土龍路37之8號,
3698,亞力民宿,07-6882042#,高雄市,高雄市桃源區建山村86-2號,
3696,鳥巢頂級商旅中華館,07-5368585#,高雄市,高雄市苓雅區苓雅二路77-2號,
3695,高雄福容大飯店,07-5317777#,高雄市,高雄市鹽埕區五福四路45號,
3694,聖亞哥商務旅館（亞歌旅館）,07-2862933#,高雄市,高雄市前金區明星街155號,
3693,歐遊國際連鎖精品旅館,07-7493333#,高雄市,高雄市苓雅區建國一路73號,
3692,中華電信西子灣會館,07-5314678#,高雄市,高雄市鼓山區臨海二路17之1號,
3691,中華電信澄清湖會館,07-3444343#,高雄市,高雄市仁武區仁勇路400號,988017067
3519,大雪山莊園民宿,04-25971057#,臺中市,臺中市和平區雪山路2-1號,
3518,星光山悅民宿,04-25971009#,臺中市,臺中市和平區中坑村雪山路出雲巷18號,
3517,谷關統一渡假村,04-25950011#,臺中市,臺中市和平區東關路一段188號,
3516,谷野民宿,04-25941555#,臺中市,臺中市和平區東關一段裡冷巷37號,
3515,出雲山民宿,04-25971409#,臺中市,臺中市和平區雪山路出雲巷21-2號,
3514,承億文旅-台中鳥日子,04-23292266#,臺中市,臺中市西區忠明南路98號,
3513,框框背包客棧,04-26319151#,臺中市,臺中市龍井區臺灣大道五段三巷62弄56號,908368110
3512,日月千禧酒店,04-37056000#,臺中市,臺中市西屯區市政路77號,
3511,踢生活背包客棧,-#,臺中市,臺中市龍井區新興路27巷10號,989610980
3510,璞樹文旅,04-24510235#,臺中市,臺中市西屯區黎明路3段235號,
3338,樂微行旅,04-22858800#,臺中市,臺中市南區民意街66號,932622790
3337,嘉宮旅社,05-2223551#,嘉義市,嘉義市西區新榮路187號,987579995
3336,皇后旅店2館,02-25555877#,臺北市,臺北市大同區南京西路163號4樓-2,970553101
3334,加勒比海民宿,03-8781228#,花蓮縣,花蓮縣豐濱鄉港口村石梯坪2-8號,927009999
3333,城市商旅桃園館,03-3328000#,桃園市,桃園市桃園區中正路60號6F,
3115,漫。時光,09-38101729#,金門縣,金門縣金寧鄉下埔下6-2號,938101729
3114,小島公寓,07-2388166#,高雄市,高雄市新興區六合一路148號,965330178
3113,台南安平AP7民宿,0968-851008#,臺南市,臺南市安平區州平二街2-3號,968851008
3112,新驛旅店台中車站店,04-22232333#,臺中市,臺中市東區復興路四段133號,
3111,台南安平海潮民宿,09-56167168#,臺南市,臺南市安平區州平二街2-1號,956167168
3464,瑪奇商務旅店,02-29321000#,臺北市,臺北市文山區景中街30巷6號3樓,
3462,城美大飯店,02-23147305#,臺北市,臺北市中正區漢口街1段88號,
3461,福泰桔子商旅西門店,02-23115556#,臺北市,臺北市萬華區中華路1段 166 號之 2,
3460,東門3號膠囊旅店,02-23583299#,臺北市,臺北市大安區信義路2段110號,
3459,台北北門窩泊旅,02-25525068#,臺北市,臺北市大同區太原路92巷2-1號,
3458,小公館人文旅舍,02-27690200#,臺北市,臺北市松山區南京東路5段399號5樓,
3457,西悠巢旅台北館,02-25585500#,臺北市,臺北市大同區民生西路198號之2,
4918,安逸旅店,-#,連江縣,連江縣東引鄉樂華村81號,928242767
4917,富喜二館,-#,連江縣,連江縣南竿鄉復興村35之2號,925707900
4916,聖托里尼一館,-#,連江縣,連江縣南竿鄉清水村96-7號,926673311
4915,卡蹓英雄館,-#,連江縣,連江縣南竿鄉馬港村101-1號,937505850
4914,沐光二館,-#,連江縣,連江縣南竿鄉津沙村134號,933972411
4913,沐光民宿,-#,連江縣,連江縣南竿鄉津沙村137號,933972411
4911,簡單生活青旅,-#,連江縣,連江縣南竿鄉介壽村199號,975046533
4910,報告班長,-#,連江縣,連江縣南竿鄉清水村116號,932925295
4030,嘉億時尚大飯店(HOTEL HI 垂楊店),05-2279588#,嘉義市,嘉義市東區西區垂楊路860號1~3、8~12層樓,
4029,冠閣大飯店,05-2318111#,嘉義市,嘉義市西區忠順一街27號1至6樓,
4028,麗景精品休閒旅館,05-2787999#,嘉義市,嘉義市東區嘉南街137號,
4026,歐遊國際連鎖精品旅館嘉義館,05-5515555#,嘉義市,嘉義市四維路185號1-3樓,
4025,安蘭居旅店,05-2290102#,嘉義市,嘉義市西區蘭井街465號14樓之1,
3477,斯格加旅店,02-25629117#,臺北市,臺北市中山區林森北路72號,
3476,城市商旅-南西館,02-25507722#,臺北市,臺北市大同區南京西路169號,
3475,台糖台北會館,02-23885522#,臺北市,臺北市中正區中正區中華路1段39號,
3474,沃田旅店,02-28752288#,臺北市,臺北市士林區中山北路7段127號,
3473,中國青年救國團劍潭海外青年活動中心,02-28852151#,臺北市,臺北市士林區中山北路4段16號,
4829,依山行館,-#,金門縣,金門縣金城鎮珠山50號,963500713
4828,北山13號民宿(雙鯉風晴古厝民宿),-#,金門縣,金門縣金寧鄉古寧頭北山13號,936580590
4827,IN99精品旅館,082-324851#,金門縣,金門縣金城鎮民生路16號,973763788
4826,山后52號民宿(忘了飛羽居),082-352058#,金門縣,金門縣金沙鎮山后52號,
4825,水頭54號民宿(定風波),082-322389#,金門縣,金門縣金城鎮前水頭54號,
4822,水頭40號民宿(水調歌頭),082-322389#,金門縣,金門縣金城鎮前水頭40號,
3717,盛薈飯店,07-9723759#,高雄市,高雄市三民區安寧街387號,
3716,DO 古(DO GOO),-#,高雄市,高雄市鹽埕區莒光街173號,903942033
